,SAMPLE_Stool262,SAMPLE_Stool263,SAMPLE_Stool264,SAMPLE_Stool265,SAMPLE_Stool266,SAMPLE_Stool267,SAMPLE_Stool268,SAMPLE_Stool269,SAMPLE_Stool270,SAMPLE_Stool271,SAMPLE_Stool272,SAMPLE_Stool273,SAMPLE_Stool274,SAMPLE_Stool275,SAMPLE_Stool276,SAMPLE_Stool277,SAMPLE_Stool278,SAMPLE_Stool279,SAMPLE_Stool280,SAMPLE_Stool281,SAMPLE_Stool282,SAMPLE_Stool283,SAMPLE_Stool379,SAMPLE_Stool380,SAMPLE_Stool381,SAMPLE_Stool382,SAMPLE_Stool383,SAMPLE_Stool384,SAMPLE_Stool385,SAMPLE_Stool386,SAMPLE_Stool387,SAMPLE_Stool388,SAMPLE_Stool389,SAMPLE_Stool390,SAMPLE_Stool391,SAMPLE_Stool392,SAMPLE_Stool393,SAMPLE_Stool394,SAMPLE_Stool395,SAMPLE_Stool396,SAMPLE_Stool397,SAMPLE_Stool398,SAMPLE_Stool399,SAMPLE_Stool400,SAMPLE_Stool401,SAMPLE_Stool402,SAMPLE_Stool403,SAMPLE_Stool404,SAMPLE_Stool405,SAMPLE_Stool406,SAMPLE_Stool407,SAMPLE_Stool408,SAMPLE_Stool409,SAMPLE_Stool410,SAMPLE_Stool411,SAMPLE_Stool412,SAMPLE_Stool413,SAMPLE_Stool414,SAMPLE_Stool415,SAMPLE_Stool416,SAMPLE_Stool417,SAMPLE_Stool418,SAMPLE_Stool419,SAMPLE_Stool420,SAMPLE_Stool421,SAMPLE_Stool422,SAMPLE_Stool423,SAMPLE_Stool424,SAMPLE_Stool425,SAMPLE_Stool426,SAMPLE_Stool427,SAMPLE_Stool428,SAMPLE_Stool429,SAMPLE_Stool430,SAMPLE_Stool431,SAMPLE_Stool432,SAMPLE_Stool433,SAMPLE_Stool434,SAMPLE_Stool435,SAMPLE_Stool436,SAMPLE_Stool437,SAMPLE_Stool438,SAMPLE_Stool439,SAMPLE_Stool440,SAMPLE_Stool441,SAMPLE_Stool442,SAMPLE_Stool443,SAMPLE_Stool444,SAMPLE_Stool445,SAMPLE_Stool446,SAMPLE_Stool447,SAMPLE_Stool449,SAMPLE_Stool450,SAMPLE_Stool451,SAMPLE_Stool452,SAMPLE_Stool453,SAMPLE_Stool454,SAMPLE_Stool455,SAMPLE_Stool456,SAMPLE_Stool457,SAMPLE_Stool458,SAMPLE_Stool459,SAMPLE_Stool460,SAMPLE_Stool461,SAMPLE_Stool462,SAMPLE_Stool463,SAMPLE_Stool464,SAMPLE_Stool465,SAMPLE_Stool466,SAMPLE_Stool467,SAMPLE_Stool468,SAMPLE_Stool469,SAMPLE_Stool470,SAMPLE_Stool471,SAMPLE_Stool472,SAMPLE_Stool473,SAMPLE_Stool474,SAMPLE_Stool475,SAMPLE_Stool476,SAMPLE_Stool477,SAMPLE_Stool478,SAMPLE_Stool479,SAMPLE_Stool480,SAMPLE_Stool481,SAMPLE_Stool482,SAMPLE_Stool483,SAMPLE_Stool484,SAMPLE_Stool485,SAMPLE_Stool486,SAMPLE_Stool487,SAMPLE_Stool488,SAMPLE_Stool489,SAMPLE_Stool490,SAMPLE_Stool491,SAMPLE_Stool492,SAMPLE_Stool493,SAMPLE_Stool494,SAMPLE_Stool495,SAMPLE_Stool496,SAMPLE_Stool497,SAMPLE_Stool498,SAMPLE_Stool499,SAMPLE_Stool500,SAMPLE_Stool501,SAMPLE_Stool502,SAMPLE_Stool503,SAMPLE_Stool505,SAMPLE_Stool506,SAMPLE_Stool507,SAMPLE_Stool508,SAMPLE_Stool509,SAMPLE_Stool510,SAMPLE_Stool511,SAMPLE_Stool512,SAMPLE_Stool513,SAMPLE_Stool514,SAMPLE_Stool515,SAMPLE_Stool516,SAMPLE_Stool517,SAMPLE_Stool518,SAMPLE_Stool519,SAMPLE_Stool520,SAMPLE_Stool521,SAMPLE_Stool522,SAMPLE_Stool523,SAMPLE_Stool524,SAMPLE_Stool525,SAMPLE_Stool526,SAMPLE_Stool527,SAMPLE_Stool528,SAMPLE_Stool529,SAMPLE_Stool530,SAMPLE_Stool531,SAMPLE_Stool532,SAMPLE_Stool533,SAMPLE_Stool534,SAMPLE_Stool535,SAMPLE_Stool536,SAMPLE_Stool537,SAMPLE_Stool538,SAMPLE_Stool539,SAMPLE_Stool540,SAMPLE_Stool541,SAMPLE_Stool542,SAMPLE_Stool543,SAMPLE_Stool544,SAMPLE_Stool545,SAMPLE_Stool546,SAMPLE_Stool547,SAMPLE_Stool548,V191,Phylum
OTU_1994,770,1974,2561,1238,1666,917,1028,3428,7854,7693,1795,2185,806,2010,2982,201,1213,776,407,704,876,905,159,148,137,0,388,0,219,382,131,161,132,204,194,256,247,334,416,714,475,1099,535,264,86,296,245,465,355,505,439,706,300,449,186,102,35,199,128,88,107,138,122,221,174,172,211,295,264,448,212,320,275,372,465,775,785,1111,421,294,213,97,250,447,0,310,286,172,362,326,345,258,398,160,0,0,1,34,184,236,692,816,914,829,694,664,1411,773,1024,315,332,418,633,809,1037,926,580,653,612,585,1085,689,505,622,448,699,1699,186,709,2412,3049,3526,3807,3782,4093,3942,8422,5715,6449,2212,791,1591,2051,2650,6909,3439,367,3636,3641,7585,6624,5894,7019,5129,1660,1675,1659,769,5868,2407,1477,1813,1484,3761,4370,4186,2915,5536,3767,7874,3746,3995,3811,5495,2788,3488,4209,2658,597,2154,1088,29,24,7,2476,3220,1459,349,145,1599,1510.952632,Bacteroidetes
OTU_2045,174,955,1213,489,984,678,1236,955,1573,2043,876,1346,979,930,1369,133,789,285,328,580,1310,1039,84,237,333,0,274,0,411,479,156,99,180,243,118,492,544,946,581,373,234,482,405,947,585,630,295,286,416,440,117,474,467,520,410,190,108,273,102,93,179,206,235,224,166,100,43,263,402,352,243,136,180,169,405,274,948,615,250,459,273,115,295,279,0,317,64,209,277,658,703,655,361,80,0,0,0,12,111,151,382,372,1116,1429,628,460,207,393,361,124,105,147,156,234,623,323,144,162,162,82,300,203,115,83,69,38,23,21,0,0,0,4,56,144,395,354,377,69,415,106,35,64,174,404,231,382,442,802,511,1112,376,100,239,591,121,354,465,329,1019,574,551,741,232,786,951,1700,956,1073,804,1202,534,437,304,398,642,641,1110,3649,208,629,663,5,2,3,386,726,621,570,155,368,439.2157895,Bacteroidetes
OTU_9514,0,0,0,1,0,3,0,28,21,0,0,2,0,3,2,3,0,1,3,0,1,0,8,0,0,0,0,0,0,1,0,0,0,2,0,0,0,0,0,1,0,0,0,0,0,0,0,1,0,0,0,1,0,0,0,0,0,0,0,0,0,0,0,0,0,0,0,0,0,0,0,0,0,0,0,0,0,0,0,1,0,0,0,3,0,0,2,0,0,0,0,0,0,0,0,0,0,0,0,0,1,0,1,1,0,0,0,0,0,0,0,0,0,1,1,1,0,0,0,1,12,1,0,5,60,2,6330,12803,3269,372,144,48,6,1,0,0,1,0,0,0,27,1,0,0,1,0,0,0,0,0,0,1,7,0,1,0,0,0,2,0,0,0,1,1,0,0,0,0,0,0,0,0,1,1,0,0,0,0,0,1,0,1,14,3,0,0,0,0,0,0,122.1684211,Proteobacteria
OTU_9822,4,1,1,0,0,1,0,0,5,6,4,2,1,1,2,1,0,0,0,0,1,2,1,0,0,0,0,0,0,1,1,0,0,0,0,0,0,0,0,0,1,2,1,8,37,0,0,1,0,1,2,2,1,3,0,0,0,1,37,64,21,14,1,0,0,0,0,0,0,2,1,0,0,1,0,3,0,0,1,0,1,0,29,80,0,0,0,0,0,0,0,0,2,0,0,0,0,0,0,0,83,0,0,0,1,1,0,0,2,2,2,11,2,1,0,30,7,1,0,0,0,0,0,0,0,12,4457,8436,1324,396,297,156,111,327,66,71,396,122,32,15,44,37,9,0,1,5,0,2,3,0,1,6,11,27,3,167,0,0,2,1,2,1,2,0,2,4,2,6,4,1,0,0,0,0,0,0,0,1,1,1,0,4,3,0,1,1,1,5,1,1,89.87368421,Proteobacteria
OTU_13860,2658,5819,5613,3177,5375,4445,3781,5245,5001,8866,2371,6015,5224,3954,10644,1228,1550,1169,919,2444,2328,6973,754,887,372,0,1620,0,679,3519,780,213,516,585,434,1438,2080,2466,2108,1907,1338,1661,1198,2166,1657,1429,3052,1907,1341,1510,2226,996,755,838,718,305,474,286,303,503,492,907,594,630,563,254,322,2033,1440,1869,911,696,1131,722,2063,2809,3795,1956,3162,1074,236,613,676,1521,0,416,278,379,1204,857,1066,552,2356,961,0,0,1,160,448,403,1537,1750,1504,2250,1644,1753,1372,3543,3803,935,392,1263,942,1430,1569,2605,1521,1039,1239,1089,2597,976,654,1489,973,895,157,137,0,8,247,1219,3050,1905,4115,1469,4142,2330,3766,1659,26,637,2018,1380,4132,3472,591,6220,2714,2902,4310,2549,2168,755,1502,1337,2463,583,2383,1233,907,1033,849,2171,2531,3542,2202,3845,2719,4159,2479,1036,1219,3648,3575,1944,1543,14769,1193,3653,1811,362,186,40,1991,2740,7207,5665,2195,3704,1961.215789,Firmicutes
OTU_16054,637,825,519,679,179,1271,612,454,1083,675,2847,2867,2137,2103,998,568,525,1667,778,760,456,168,14,143,211,0,67,0,239,622,487,228,167,196,628,253,148,353,361,190,873,1360,477,584,1107,149,450,437,812,754,1692,359,1478,439,37,52,387,407,440,983,568,347,235,193,281,379,570,388,265,1139,314,360,1126,273,121,333,300,628,488,187,519,901,159,507,0,42,16,109,284,17,106,97,1126,119,0,0,0,237,80,171,39,128,204,222,3981,2760,1160,463,717,520,1205,768,503,1200,150,381,2034,1255,1028,487,575,201,470,1728,987,668,51,60,2,0,0,1,0,0,0,0,0,0,0,0,0,0,0,0,0,0,199,0,0,0,0,0,0,0,0,0,0,0,0,0,0,0,0,0,0,0,0,0,0,0,0,0,0,0,0,0,0,0,0,0,0,0,0,0,0,0,0,0,0,0,408.0210526,Firmicutes
OTU_24546,3,12,12,9,4,13,11,5,15,7,34,18,23,31,13,5,5,12,6,10,5,14,11,4,5,0,2,0,9,4,6,1,0,1,2,1,1,5,9,7,11,17,8,10,13,13,7,4,2,9,3,3,12,2,0,1,6,4,1,4,1,3,2,4,3,5,3,2,5,6,7,2,4,1,4,4,10,14,9,1,1,1,1,4,0,0,1,0,5,1,0,0,7,0,0,0,0,0,2,4,2,1,7,11,34,18,19,11,13,6,10,9,12,19,4,8,27,26,5,2,4,2,5,14,5,6,13,3,0,0,71,289,430,309,428,279,520,190,308,176,1356,312,251,103,183,147,3,153,91,115,125,96,84,16,32,31,120,44,72,73,92,91,90,104,150,168,124,299,146,178,110,86,55,136,150,89,124,27,58,82,142,5,18,3,135,107,97,68,236,90,55.5,Firmicutes
OTU_70219,108,616,278,163,180,217,144,272,1017,556,170,172,29,461,81,20,57,47,94,83,157,95,83,31,34,0,68,0,250,17,29,25,49,45,48,11,10,32,77,212,56,61,228,68,211,255,22,144,70,237,136,172,48,52,9,8,34,43,80,33,42,39,11,10,42,85,127,185,137,118,82,53,43,35,16,51,171,367,78,49,128,268,79,34,0,41,24,62,120,3,10,38,92,65,0,0,0,1,10,21,33,21,38,71,151,63,279,319,689,81,67,157,66,246,132,87,39,51,104,39,50,169,94,243,203,497,140,5,0,0,0,0,0,0,0,0,0,0,0,0,0,0,0,0,0,0,29,0,0,0,0,0,0,0,0,0,0,0,0,0,0,0,0,0,0,0,0,0,0,0,0,0,0,0,0,0,0,0,0,0,0,167,341,43,0,0,0,0,1,1720,90.40526316,Firmicutes
OTU_71685,219,182,74,147,52,221,117,40,320,119,620,664,473,623,117,65,111,228,98,334,134,154,374,80,71,0,12,0,58,53,75,81,15,15,71,12,7,10,34,140,230,204,284,178,239,125,55,36,63,133,210,75,177,55,6,7,71,7,39,43,60,20,33,17,35,71,54,36,87,120,96,17,44,12,29,77,87,163,101,30,82,108,5,165,0,11,3,6,47,2,2,9,118,13,0,0,0,4,2,17,5,3,37,88,396,281,315,41,54,83,144,180,102,202,7,37,393,356,127,33,32,34,65,247,75,256,2706,121,1816,144,1230,5283,6797,4186,7961,4831,8995,2846,4424,3427,4929,6615,4175,2334,4004,7354,17,3731,2386,3128,4086,2611,3703,107,1549,422,3503,1090,2697,2581,2462,3787,2804,3677,5582,4674,4227,5560,4085,8625,4574,3979,1830,2504,3578,2884,3605,742,501,661,4175,98,159,12,3226,1495,1147,1362,714,2062,1128.489474,Firmicutes
OTU_86458,21,97,149,94,128,91,112,124,249,234,130,123,130,107,186,21,91,31,31,31,69,60,5,10,21,0,35,0,43,92,10,2,10,12,16,42,32,51,54,35,28,43,30,55,31,55,63,18,28,17,18,46,58,36,20,8,21,21,10,14,15,33,18,19,17,14,15,43,38,51,20,20,34,18,46,62,97,46,36,24,17,7,21,16,0,24,4,7,27,18,32,23,43,8,0,0,0,2,11,16,38,33,70,77,34,46,33,38,51,9,8,10,17,29,81,44,29,26,21,13,55,30,15,23,19,12,13,5,0,13,53,29,30,32,33,53,175,39,64,40,5,16,33,66,41,33,38,87,86,266,98,45,113,108,24,70,81,48,149,79,41,64,28,102,114,108,70,111,92,146,97,85,72,97,72,99,160,274,49,106,75,37,103,20,83,184,61,21,6,24,51.93684211,Bacteroidetes
OTU_86468,10208,18989,27498,14412,18360,14463,16787,16164,22436,31119,12163,10357,7634,19817,29738,2963,5705,4156,4463,7404,13928,15227,4329,2478,2075,1,4521,1,3779,6269,1626,1447,2029,2452,1821,2574,3358,6937,8875,5856,4714,3730,5524,2884,5022,4170,5698,5382,3854,3516,3902,6317,4945,8140,3259,1535,1905,3279,2509,1739,2362,2220,2059,3704,3278,3011,3805,6285,4584,6371,2146,3308,3262,4053,7857,9668,11421,12669,4482,3659,1846,3504,3622,2869,0,3630,2557,2611,5652,4380,4455,5819,8731,2074,4,0,0,440,2390,2863,6913,7825,9287,13748,12523,11372,9634,8577,16071,4620,4582,4956,5339,7501,8101,4164,3468,3010,5951,4903,8829,7260,3301,5061,4192,4357,12623,1289,36919,27100,35358,37581,31163,17924,22255,13250,26020,16675,18163,2819,1522,1017,10891,8336,9442,5167,5636,6848,5167,3516,4893,3655,9290,2983,2327,2041,1981,1175,4397,2957,4835,3896,2964,5189,6243,7615,6821,5715,4500,7911,3269,5593,5212,8641,5602,3507,4465,9113,1590,4545,3340,1347,2705,471,4110,6132,9702,5324,738,1950,7079.284211,Bacteroidetes
OTU_90431,16,18,9,6,6,7,4,3,14,12,10,17,17,36,22,4,3,2,4,7,9,10,11,3,4,0,0,0,4,2,4,4,4,4,4,0,1,4,7,2,5,2,5,7,17,20,2,2,3,10,5,9,9,6,3,4,4,3,2,1,14,8,7,4,7,5,4,13,6,8,2,2,2,2,0,12,5,15,4,0,4,11,1,3,0,2,0,2,5,1,0,1,5,3,0,0,0,0,3,3,2,2,5,5,6,10,25,26,29,37,14,16,7,21,10,8,5,5,12,3,4,22,10,12,4,6,5,8,2,51,147,285,461,356,375,214,864,324,520,393,152,709,524,142,330,304,3,154,178,108,141,115,168,21,87,78,160,37,96,131,150,85,133,124,153,268,172,201,179,293,171,71,74,131,130,65,128,146,42,46,34,1,0,0,58,60,131,182,52,30,62.29473684,Firmicutes
OTU_97263,0,0,0,0,0,0,0,0,7,3,10,507,939,10,41,69,72,34,34,11,1,0,0,0,0,0,3,0,75,137,13,2,7,37,73,62,42,68,79,109,192,200,271,154,225,31,168,530,95,118,216,523,212,382,507,52,103,93,168,74,146,146,43,0,0,0,0,0,0,0,0,0,0,0,0,0,0,0,0,0,0,0,0,0,0,0,0,0,0,0,0,0,0,0,0,0,0,0,0,0,0,0,0,0,0,0,0,0,0,0,0,0,0,0,0,0,0,0,0,0,0,0,0,0,0,0,0,4,0,0,0,0,0,0,0,0,0,0,0,0,0,0,0,0,0,0,98,0,0,0,0,0,0,0,0,0,0,0,0,0,0,0,0,0,1,22,188,1261,473,704,365,836,257,608,435,332,217,312,87,156,209,0,0,0,60,284,0,1,0,431,75.97368421,Firmicutes
OTU_97627,0,0,38,0,67,52,141,1,0,0,74,0,0,0,0,7,0,0,10,0,0,84,0,29,102,172,22,614,58,63,0,4,5,9,1,11,229,0,0,133,143,0,48,0,7,577,0,0,252,13,59,0,60,40,0,4,4,30,7,149,20,2,7,43,30,76,29,44,61,180,0,14,15,0,54,49,0,111,43,506,79,166,0,42,447,69,0,0,125,69,314,1355,38,0,525,253,1454,25,0,893,462,0,0,461,0,7,309,745,65,0,0,9,80,151,11,0,38,0,26,17,0,119,0,0,296,0,121,3,63,5,0,0,135,2,188,285,129,82,0,7,15,36,58,1,10,0,0,0,0,46,16,521,38,74,0,8,0,0,72,60,29,204,10,14,60,0,49,9,0,0,20,43,326,103,46,81,1,0,0,39,24,78,64,0,44,0,0,27,72,26,87.35263158,Proteobacteria
OTU_104780,270,567,814,493,917,783,773,543,722,1216,235,305,283,572,1467,137,144,102,127,158,224,733,53,23,36,0,148,0,45,393,63,15,43,72,39,120,111,217,307,66,89,98,64,51,90,76,325,59,77,97,115,74,113,217,75,75,69,72,68,88,52,83,54,122,88,40,52,146,186,178,85,96,131,183,615,401,483,368,220,216,419,242,226,60,0,25,65,82,165,127,123,95,211,52,0,0,0,11,21,38,148,155,296,1529,306,298,128,189,330,81,65,71,137,136,152,142,81,120,89,52,225,91,36,87,82,57,10,4,0,0,1,1,20,56,33,15,33,17,17,12,14,6,56,37,26,28,136,28,23,41,48,43,54,4,15,28,60,3,31,24,11,7,14,18,9,19,17,21,61,27,10,21,6,73,45,17,29,178,15,36,55,0,0,0,29,57,144,113,45,6,148.3105263,Bacteroidetes
OTU_109014,96,706,406,96,777,348,182,591,306,749,161,2401,494,963,190,39,61,107,92,173,395,143,21,122,38,0,83,0,141,33,36,16,43,72,110,134,55,154,93,128,54,48,116,29,186,123,6,335,282,240,195,139,71,133,38,10,7,20,139,21,48,24,36,63,92,75,144,167,58,173,116,156,40,41,60,17,239,901,107,100,145,322,96,99,0,30,105,20,64,20,79,210,192,142,2,0,0,0,14,29,29,36,67,320,375,270,437,510,3840,140,173,148,42,221,52,173,72,67,43,35,68,38,22,129,166,63,1,9,0,0,0,1,0,0,0,0,0,0,0,0,0,0,0,0,0,0,55,0,0,0,0,0,0,0,0,0,0,0,0,0,0,0,0,0,0,0,0,0,0,0,0,0,0,0,0,0,0,0,0,0,1,6,5,0,0,0,0,0,0,0,130.4578947,Firmicutes
OTU_109541,1539,2324,2397,1118,1393,1407,1079,1207,522,1775,596,353,318,636,1168,115,167,99,95,169,249,807,108,42,83,0,165,0,11,166,42,27,41,108,83,124,91,230,455,93,161,84,44,83,209,43,305,69,89,124,237,93,53,341,83,72,104,170,129,88,59,123,63,180,106,46,51,150,86,111,78,82,71,63,153,514,237,439,251,285,479,294,232,88,0,33,161,102,129,100,220,69,184,86,0,0,0,3,2,5,17,19,49,1874,322,51,36,63,59,14,27,29,68,75,33,24,40,23,12,32,165,24,6,17,8,6,11,11,0,0,0,1,8,43,57,35,15,33,29,8,33,2,259,190,45,223,127,251,202,5,26,7,8,1,112,48,129,3,8,25,5,3,6,6,12,9,26,18,47,33,10,12,7,105,78,26,45,240,13,4,102,10,6,2,32,23,637,618,52,9,192.4315789,Bacteroidetes
OTU_109546,512,194,118,66,42,79,19,6,367,198,109,129,55,123,24,0,76,52,27,202,165,143,178,87,58,0,17,0,3,6,4,6,2,1,1,9,11,40,21,12,34,11,7,7,40,1,6,7,8,7,20,1,1,1,0,2,1,2,1,5,1,8,21,64,92,152,176,61,98,253,104,127,139,52,49,232,84,270,116,56,104,139,49,227,0,40,14,45,147,21,49,62,340,65,0,0,0,35,19,64,103,94,45,153,557,567,431,166,368,135,276,238,255,477,198,137,464,361,183,72,164,75,144,300,148,149,16,67,1,0,0,0,0,0,0,0,1,0,0,0,0,0,0,0,0,0,3,0,0,0,0,0,0,0,0,0,0,0,0,0,0,0,0,0,1,0,0,0,0,0,0,0,0,0,0,0,0,0,0,0,3,0,0,0,2,3,0,0,1168,0,75.91578947,Firmicutes
OTU_110317,309,840,349,292,326,268,236,256,749,1159,206,428,198,322,313,38,65,50,57,177,198,488,43,18,16,0,67,0,11,35,14,39,19,11,37,22,17,66,68,111,62,85,104,110,103,28,52,184,85,135,172,91,23,30,31,17,29,14,16,57,20,42,50,47,49,26,50,165,61,117,62,76,54,77,106,37,78,177,67,44,26,93,116,44,0,36,53,19,99,54,79,34,161,91,0,0,0,4,24,25,91,82,63,117,115,87,162,174,153,42,50,83,110,112,96,121,23,12,18,34,106,34,23,41,39,51,22,9,0,0,0,0,0,0,0,0,0,0,0,0,0,0,0,0,0,0,9,0,0,0,0,0,0,0,0,0,0,0,0,0,0,0,0,0,0,0,0,3,32,24,14,24,6,16,22,16,17,10,0,7,4,0,0,0,29,26,66,37,0,45,74.66315789,Firmicutes
OTU_119271,231,398,284,403,93,336,158,287,1403,734,812,1178,797,866,244,80,104,197,240,467,313,347,42,27,36,0,1,0,36,28,47,28,23,34,26,16,7,31,60,95,147,117,115,123,97,23,26,57,69,70,136,170,147,69,16,11,63,33,73,59,60,32,38,18,35,66,54,91,133,172,126,70,95,30,51,57,54,108,36,17,85,45,11,77,0,3,2,0,35,1,1,16,105,13,0,0,0,1,7,38,19,3,59,83,162,154,84,44,99,68,65,100,77,111,31,52,87,94,122,52,61,63,37,119,69,76,174,20,180,98,239,291,524,604,433,109,170,153,72,25,0,78,272,284,438,330,102,420,311,366,264,134,265,10,71,8,72,67,252,170,93,212,143,169,283,501,279,196,230,186,98,126,117,196,277,185,184,35,25,138,98,28,10,7,233,304,539,122,16,261,148.4263158,Firmicutes
OTU_127309,1887,2736,2914,1484,1497,1882,1859,1750,1622,2970,1171,2115,1395,2426,3975,528,874,850,391,597,1441,1810,186,257,309,0,432,0,183,671,265,169,226,465,411,700,654,1510,1724,829,692,843,791,782,1066,472,1154,594,744,949,1674,679,656,1996,650,442,774,965,963,645,302,432,194,322,247,207,367,791,445,625,210,473,443,419,416,1446,2499,3813,1231,687,663,1103,909,424,0,305,443,315,531,503,632,907,1587,268,0,0,0,66,133,130,418,567,398,356,357,457,529,1030,1981,602,701,437,319,357,338,232,211,235,249,250,508,218,291,317,304,106,11,57,0,21,257,600,1223,852,652,241,396,88,345,100,31,67,585,144,1552,2457,735,2595,1099,1164,780,249,451,182,336,693,581,164,861,960,1921,482,318,550,916,1529,719,410,445,508,117,259,234,950,872,268,349,2150,275,508,544,0,0,0,578,915,1332,1702,716,143,743.1105263,Bacteroidetes
OTU_138006,2804,5520,6114,3395,5839,4404,4217,3494,4394,7221,1042,894,487,3145,6048,628,709,594,760,892,1385,3825,354,128,181,0,892,0,177,1108,255,163,201,387,267,408,295,862,1283,519,611,546,324,117,388,359,1243,456,403,618,1117,483,547,1716,369,322,444,568,518,465,193,342,314,745,419,246,351,1050,744,904,436,659,568,1197,2418,2749,1875,2654,899,524,979,1499,998,269,0,172,557,371,771,475,572,478,1453,362,1,0,0,41,102,175,529,725,2006,8509,2287,1244,730,825,1584,329,359,477,598,637,611,446,395,404,293,219,768,375,187,456,401,372,48,64,3,0,0,1,3,31,49,107,282,224,276,188,127,92,641,442,414,472,755,406,441,392,532,548,579,125,145,272,356,97,345,272,179,140,137,234,222,247,227,425,540,357,132,248,212,722,601,258,388,2381,180,422,485,6,0,0,286,442,1695,1397,594,114,859.1210526,Bacteroidetes
OTU_145149,1,4,1,2,0,0,1,0,8,3,1,5,3,4,2,0,0,2,6,0,4,0,0,0,0,0,0,0,0,0,0,0,0,0,0,0,0,0,0,0,0,0,0,0,0,0,0,0,0,0,0,0,0,0,0,0,0,0,0,0,0,0,0,0,0,0,1,0,0,0,1,0,0,1,0,0,0,0,0,1,2,0,0,4,0,2,0,0,10,0,0,0,1,0,0,0,0,0,0,0,0,0,1,0,2,3,0,0,0,1,0,2,0,0,0,4,1,0,1,4,13,32,0,12,104,4,58,1103,3509,2758,3722,750,338,27,2,43,3,6,0,0,0,0,0,1,3,0,0,0,1,3,0,0,0,0,0,0,0,1,14,2,0,3,3,0,1,8,0,0,0,0,0,3,1,0,0,1,0,0,0,0,0,2,19,7,0,1,0,0,0,1,66.56842105,Firmicutes
OTU_158660,285,605,965,495,562,408,342,839,1924,2021,595,847,549,533,584,49,208,149,86,186,327,265,78,79,71,0,205,0,104,221,67,59,88,121,155,192,128,282,310,342,281,263,301,283,156,167,205,285,285,266,261,188,141,353,130,83,31,139,125,89,72,94,92,123,89,98,147,271,242,342,145,249,182,253,279,461,386,455,119,107,141,92,141,260,0,141,167,59,239,230,176,129,204,60,0,0,0,14,45,41,181,233,259,328,369,348,306,257,354,115,133,139,218,254,306,191,179,108,100,108,279,131,79,110,94,97,49,34,34,67,109,139,186,191,224,131,174,108,136,78,23,42,161,151,614,527,211,855,680,1705,1059,559,688,374,133,181,239,136,582,338,225,154,162,328,345,457,295,518,329,351,196,268,378,431,269,332,534,721,195,317,251,930,2182,316,609,514,205,75,11,138,283.8578947,Bacteroidetes
OTU_162129,1523,1475,866,977,438,1140,522,629,2639,1861,4493,5549,3242,7982,3805,557,947,2731,1452,1856,569,880,470,142,281,0,210,0,306,359,278,205,43,159,262,210,120,391,314,844,1219,855,842,584,555,258,130,93,209,522,939,321,658,240,60,66,498,91,369,409,382,266,243,259,332,421,549,849,772,1405,698,359,552,267,363,1442,342,666,272,99,290,628,138,555,0,88,94,122,340,147,190,121,524,173,0,0,0,40,49,245,280,297,455,532,1678,1544,1301,640,949,618,879,805,614,1288,240,639,1663,1236,630,203,401,124,144,744,499,1668,106,208,4,0,0,4,0,0,0,0,0,0,0,0,0,0,0,0,0,0,78,0,0,0,0,0,0,0,0,0,0,0,0,0,0,0,0,0,0,0,0,0,0,0,0,0,0,0,0,0,0,0,0,0,0,785,328,50,0,0,0,0,0,0,502.9526316,Firmicutes
OTU_164968,526,892,510,365,811,736,978,1088,1729,2394,650,313,241,1134,3900,254,550,477,580,330,152,229,43,18,171,0,485,0,274,1346,409,95,46,138,205,154,212,905,306,881,542,1084,265,122,266,613,644,128,94,366,723,166,281,96,103,65,196,52,169,137,210,346,135,240,220,213,309,846,525,621,189,329,760,480,247,740,540,676,878,30,32,309,175,25,0,19,19,13,29,57,67,105,722,315,1,0,0,128,274,323,532,369,3089,4544,4124,2326,1941,4266,4815,789,569,1514,1695,1413,1353,1613,517,444,563,206,778,601,255,565,440,616,16,38,1,0,0,0,0,1,0,0,0,0,0,0,0,0,0,0,0,0,120,0,0,0,0,0,0,0,0,0,0,0,0,0,0,0,0,0,0,0,0,0,0,0,0,0,0,0,0,0,0,0,0,0,0,0,0,0,0,0,0,0,0,0,431.0473684,Firmicutes
OTU_165261,190,468,198,206,140,262,193,101,182,241,165,367,406,191,274,51,57,69,37,125,86,228,521,39,25,0,45,0,18,44,39,20,16,13,15,19,10,26,42,59,110,85,34,30,48,72,175,32,35,47,80,40,18,49,13,7,24,20,25,37,15,36,60,51,22,20,22,24,52,56,31,12,23,26,8,181,63,106,47,17,10,36,10,15,0,9,4,7,28,9,14,6,25,15,0,0,0,6,9,15,15,14,12,14,61,50,68,64,110,18,16,36,31,36,37,34,69,69,24,17,38,54,15,38,36,35,12,5,0,0,1,0,0,3,110,158,239,368,765,487,180,108,375,389,551,886,40,528,462,306,316,365,320,76,232,183,426,120,441,128,255,182,245,586,443,502,369,794,447,523,390,348,223,728,815,493,556,5169,196,253,284,44,37,18,444,319,1570,1037,141,160,181.1631579,Firmicutes
OTU_165734,1001,1000,993,944,849,1386,928,1044,985,1759,593,912,708,576,1362,172,171,267,264,307,335,718,349,83,49,0,142,0,56,219,127,101,100,104,100,138,146,301,292,275,388,370,295,313,347,93,513,254,193,199,353,175,62,113,50,35,70,92,157,201,98,166,108,138,21,42,69,121,292,311,253,193,220,136,26,255,57,120,52,24,29,63,44,91,0,64,48,46,134,26,122,70,247,84,0,0,1,26,49,66,129,87,11,28,148,180,242,210,482,85,48,141,268,211,236,155,91,84,68,50,81,59,24,56,50,55,3,19,0,0,9,80,231,518,596,235,395,248,404,107,22,25,195,80,396,558,79,417,275,174,279,259,351,47,161,75,308,129,364,152,174,165,224,250,222,470,337,723,320,428,234,219,96,257,442,214,353,2715,101,177,154,16,20,10,294,303,519,502,219,115,256.7578947,Firmicutes
OTU_165924,4947,12392,10821,8917,2858,5532,3910,4544,15904,12957,17813,47463,19152,33509,13188,3100,5314,8327,11117,15409,11393,11495,1276,2341,2313,0,575,0,5491,2053,2679,3649,2585,2183,2618,1032,830,2029,3909,8251,7478,7743,8236,6979,4856,6293,2126,2459,4267,5851,7164,11348,9488,4620,645,1147,4098,1900,3039,3998,4390,3476,3354,1729,3230,3816,3407,5413,6177,11139,5916,3361,5144,2122,3138,3315,5954,9493,4164,1432,5648,5801,1366,4835,0,2107,120,327,2878,78,163,1047,3897,799,3,0,1,207,260,1907,1198,581,1673,3706,6882,5334,7803,2748,9494,4609,5815,6219,8017,7962,4724,1410,2054,1837,3826,1722,1357,3353,3029,5938,2923,5485,537,581,12,2,1,12,0,1,2,1,0,0,1,0,0,0,2,0,2,0,3738,3,0,1,0,4,1,0,3,4,0,0,0,0,2,2,1,0,0,0,1,1,5,0,1,1,1,2,1,0,1,1,0,0,0,10807,8368,1254,0,1,3,1,0,6500,3635.715789,Firmicutes
OTU_167401,93,368,374,212,271,367,445,216,241,381,221,308,339,364,602,71,187,102,74,120,335,399,25,59,84,0,86,0,79,221,63,20,51,88,40,176,218,352,270,96,100,136,109,238,284,154,254,68,105,131,104,125,139,252,126,68,159,200,62,76,78,114,44,53,46,33,20,101,102,89,45,42,47,24,85,167,513,361,279,192,130,112,183,51,0,49,14,44,70,125,151,214,213,27,0,0,0,10,17,28,65,70,123,141,86,95,51,134,168,49,39,30,48,44,96,36,29,32,25,23,80,27,31,9,21,2,2,4,0,0,1,3,26,44,61,37,35,4,37,14,3,5,43,39,63,143,156,250,133,187,47,11,17,35,25,124,96,64,166,166,236,106,48,102,149,315,151,106,82,129,40,43,36,90,180,97,149,1168,80,136,199,133,45,13,76,179,289,505,219,46,123.8052632,Bacteroidetes
OTU_168711,65,169,79,56,27,53,23,18,50,70,136,111,113,110,25,13,23,46,46,51,50,62,158,47,38,0,4,0,19,17,18,41,11,9,11,3,0,9,15,69,70,75,87,43,48,27,13,14,30,42,58,25,34,14,1,4,9,4,4,15,10,17,16,7,16,18,16,15,21,34,42,16,19,3,7,20,11,26,14,5,17,51,5,12,0,3,1,3,17,0,0,5,26,5,0,0,0,1,0,3,0,1,9,8,49,27,49,5,9,11,16,29,12,40,1,14,70,47,22,10,2,13,8,55,22,33,332,0,1,6,27,20,57,34,51,45,94,17,75,41,119,265,52,38,63,142,8,138,75,58,80,33,81,6,55,14,75,28,61,71,222,409,254,173,174,207,196,1045,443,382,255,381,216,442,478,176,235,19,349,327,417,25,37,5,364,203,621,234,246,471,77.86315789,Firmicutes
OTU_169182,1,0,1,0,7,6,15,0,1,0,1,0,0,0,0,0,0,0,0,0,0,0,6,0,0,35,0,0,13,13,8,0,0,0,0,6,0,0,0,3,16,4,5,10,14,1,180,2,0,39,49,0,17,1,0,0,5,2,0,2,6,5,5,49,3,0,0,1,3,26,0,0,1,0,0,49,0,31,3,0,67,1,0,4,454,1,7,1,1,0,0,1,0,0,170,0,0,50,0,2,0,0,37,62,5,4,1,1,15,0,1,6,0,14,0,9,0,65,1,35,36,0,0,0,0,0,397,4091,14025,4582,9734,39344,7884,1390,1585,185,526,310,69,1179,13714,768,909,21,4,7,0,4,0,0,0,0,156,0,0,126,1,0,45,62,0,0,0,0,0,0,2,0,1,13,0,1,45,1,0,0,0,0,3,16,15,1,21,7,11,72,0,43,0,2,542.4631579,Proteobacteria
OTU_169809,89,240,241,367,67,212,44,192,928,465,1242,1354,934,391,451,108,193,394,233,387,247,148,2,103,64,0,61,0,39,188,34,69,81,57,167,76,46,138,198,302,362,189,254,244,409,129,61,136,64,143,220,191,446,322,30,16,38,74,69,148,139,112,43,64,100,224,202,137,114,231,226,88,195,59,32,204,123,173,131,61,71,112,30,359,0,32,44,18,109,8,6,38,331,47,0,0,0,25,15,76,21,31,91,216,1001,680,431,137,323,334,439,491,382,238,32,116,344,42,267,155,214,166,112,431,169,276,41,7,0,0,0,0,0,0,0,0,0,0,0,0,0,0,0,0,0,0,147,0,0,0,0,0,0,0,0,0,0,0,0,0,0,0,0,0,0,0,0,0,0,0,0,0,0,0,0,0,0,0,0,0,8,150,312,46,12,14,103,57,12,643,140.8789474,Firmicutes
OTU_170124,277,394,273,288,96,133,61,68,272,162,169,357,130,129,83,17,103,200,112,170,70,132,36,52,30,0,23,0,45,26,31,106,35,38,47,20,15,43,36,128,155,130,109,76,73,14,9,86,18,18,15,11,28,27,6,4,25,30,65,95,94,69,34,19,55,103,136,72,128,352,292,74,77,26,13,35,19,125,51,20,48,225,35,189,0,38,11,30,123,4,7,15,166,31,0,0,0,19,5,28,8,14,57,97,424,343,230,70,94,197,275,260,79,203,19,63,308,141,86,97,115,70,81,471,288,317,21,9,1,0,0,0,0,0,0,0,0,0,0,0,0,0,0,0,0,0,18,0,0,0,0,0,0,0,0,0,0,0,0,0,0,0,0,0,0,0,0,0,0,0,0,0,0,0,0,0,0,0,0,0,0,136,67,16,0,0,0,0,0,0,67.6,Firmicutes
OTU_170206,1,1,1,0,2,4,0,0,2,7,4,0,0,2,0,0,0,1,0,0,0,0,0,0,0,0,1,0,1,0,1,1,1,0,0,0,1,1,0,0,1,2,0,0,0,0,0,0,1,0,1,0,1,0,0,0,0,0,0,0,1,1,0,0,0,0,0,0,2,0,0,0,0,0,0,0,0,0,0,0,0,1,0,0,0,0,1,0,0,161,11573,484,2672,788,3,0,2,436,695,3490,6411,23825,606,2102,6076,5990,6965,7103,4495,3515,3920,3339,11525,8352,1743,2054,4745,5217,2835,873,2698,1373,1184,5314,2531,6497,297,431,8,1,0,3,0,0,1,0,1,0,0,0,0,0,0,0,0,0,0,0,0,0,0,0,0,0,0,0,0,0,0,0,0,0,0,0,0,0,0,0,0,1,0,0,0,0,0,0,0,1,0,1,0,0,0,0,0,0,0,0,1,0,802.0105263,Firmicutes
OTU_173934,109,291,114,75,20,38,35,154,599,322,246,1384,268,1396,262,204,449,533,332,626,1014,344,46,179,60,0,11,0,228,27,102,150,82,75,160,39,31,126,196,447,275,273,222,232,160,196,18,42,62,49,42,1,2,21,2,9,16,46,93,90,122,123,64,77,101,165,89,31,105,228,79,7,10,15,13,27,183,358,134,36,94,249,45,98,0,5,1,8,133,3,5,41,83,5,0,0,0,0,0,4,1,1,13,25,129,76,468,101,99,526,492,434,120,212,11,60,152,80,174,130,98,160,122,438,251,397,11,3,0,0,0,0,0,0,0,0,0,0,1,0,0,0,0,0,0,0,1,0,1,0,0,0,0,0,0,0,0,0,0,0,0,0,0,0,0,0,0,0,0,0,0,0,0,0,0,0,0,0,0,0,0,1,1,1,0,0,0,0,1,0,106.0894737,Firmicutes
OTU_174019,385,2242,1239,1165,1581,2211,749,2075,2352,2497,689,258,91,71,93,22,58,113,124,387,707,304,1,82,30,0,138,0,301,264,329,193,150,78,66,34,10,95,152,264,237,592,236,55,21,20,9,85,91,73,82,24,6,32,60,22,28,99,225,247,190,200,225,201,216,188,322,136,27,124,138,77,73,86,26,63,1148,2230,927,435,910,808,286,128,0,76,9,29,108,1,16,99,240,223,0,0,0,38,122,225,119,70,59,50,203,210,366,790,966,584,440,450,189,381,381,342,199,85,301,344,240,86,25,127,99,87,1,27,0,0,0,1,0,1,0,0,0,0,0,0,0,0,0,0,0,0,9,0,0,0,0,0,0,0,0,0,0,0,0,0,0,0,0,0,0,0,0,0,0,0,0,0,0,0,0,0,0,0,0,0,0,0,0,0,0,1,0,0,0,0,218.0368421,Firmicutes
OTU_174194,45,198,217,106,145,152,228,200,247,375,170,177,158,256,351,61,191,73,58,81,237,247,22,43,67,0,40,0,29,56,15,15,33,50,20,91,89,221,175,47,37,60,57,116,78,100,78,42,65,75,27,62,71,143,89,56,47,125,29,24,40,32,16,28,19,25,10,57,43,46,12,39,39,18,71,53,373,316,77,137,113,67,96,43,0,74,21,63,83,195,222,262,113,17,0,0,0,7,21,17,94,71,121,69,54,59,42,165,197,77,79,27,32,48,68,36,23,33,36,23,65,32,72,38,40,5,3,7,0,4,57,89,220,166,160,115,126,39,131,21,2,26,76,40,596,555,79,621,328,421,180,49,70,141,47,168,93,34,148,210,450,139,57,137,173,332,180,72,101,121,32,79,127,231,177,97,122,404,43,135,83,466,652,167,98,171,106,106,40,23,110.4263158,Bacteroidetes
OTU_174501,58,423,357,316,588,611,338,502,731,454,231,71,40,46,43,18,41,30,62,137,243,109,2,27,24,0,54,0,173,96,125,44,29,17,8,8,8,30,54,72,66,159,53,20,10,12,7,13,21,15,12,8,5,16,22,12,23,45,44,53,97,84,75,67,74,71,72,33,12,41,49,21,20,16,13,7,373,477,231,119,268,207,150,13,0,24,0,3,31,2,4,40,55,51,0,0,0,13,26,84,24,10,29,18,61,71,82,296,248,164,120,100,43,104,176,83,66,31,120,79,71,39,17,42,37,29,1,2,0,0,0,0,2,1,3,8,2,2,1,0,2,4,1,1,1,2,3,2,1,0,1,0,2,0,0,0,0,0,3,0,5,6,1,1,4,2,2,0,2,4,2,2,2,0,4,4,5,0,1,0,4,3,4,0,3,1,0,1,1,3,63.32105263,Firmicutes
OTU_174620,5967,957,820,3619,5634,9457,4010,1472,161,25,11,0,0,0,0,1,0,0,0,0,0,0,0,0,0,0,0,0,0,0,0,0,0,0,0,1,0,1,0,2,11,5,0,0,0,2,0,1,0,0,0,0,0,5,4,6,55,13,6,4,0,2,1,1,6,5,3,0,0,0,0,0,0,0,0,0,0,0,0,0,0,0,0,0,0,0,0,0,0,0,0,0,0,0,0,0,0,0,0,0,0,0,0,0,0,0,0,0,0,0,0,0,0,0,0,0,0,0,0,0,0,0,0,0,0,0,0,0,0,0,0,0,0,0,0,0,0,0,0,0,0,0,0,0,0,0,0,1,0,0,2,3,2,0,0,0,0,0,0,0,0,0,0,0,0,0,0,0,0,0,0,0,0,0,0,0,0,0,0,0,0,0,0,0,0,0,0,0,1,0,169.8789474,Firmicutes
OTU_174738,452,1006,504,270,623,475,342,645,963,2362,677,1849,799,3400,4760,339,209,138,222,242,349,353,20,107,62,0,340,0,268,445,283,127,268,378,414,403,361,994,957,1327,580,747,1806,1196,4636,1056,650,2211,1617,1708,2527,2227,1603,1318,617,280,375,674,579,562,555,814,543,564,379,368,456,1598,355,231,139,499,298,234,45,66,46,59,22,19,28,112,50,58,0,83,170,162,211,50,97,218,530,514,0,0,1,41,159,217,155,136,94,181,437,501,1355,4999,5218,904,588,390,239,724,815,981,287,185,977,789,1225,1769,607,1370,1295,1647,91,62,1,1,0,1,0,0,2,0,0,1,1,1,0,3,0,1,1,1,727,0,0,1,1,0,0,0,0,0,1,1,0,0,0,0,0,0,0,0,0,0,0,0,0,0,1,1,0,0,0,1,0,0,0,11,13,3,0,0,0,1,0,0,492.0526316,Firmicutes
OTU_175261,23,22,24,41,16,44,27,26,115,26,249,196,164,338,53,35,85,99,110,97,49,66,75,13,32,0,3,0,37,24,42,18,4,6,18,8,4,15,10,38,92,90,82,73,123,18,7,2,11,37,15,34,150,15,8,10,38,2,3,7,45,19,11,8,17,40,25,12,30,46,22,1,15,8,11,5,11,12,17,9,34,36,4,38,0,3,0,5,9,0,1,2,28,5,0,0,0,1,0,6,3,1,45,60,268,101,92,27,23,48,65,52,27,89,1,15,287,195,81,11,7,29,86,231,60,243,72,7,7,1,18,1,8,21,96,216,373,115,222,23,9,72,55,157,567,546,4,214,163,495,441,152,492,13,149,40,160,97,251,302,401,708,301,671,784,739,762,725,541,436,495,1104,273,108,141,69,98,1,7,12,109,145,173,30,334,33,106,114,7,407,111.2894737,Firmicutes
OTU_175596,9,131,93,48,12,81,32,64,269,116,86,64,20,341,53,53,266,310,341,401,479,116,10,76,93,0,3,0,274,21,70,58,45,26,51,11,10,29,40,163,229,182,63,8,38,185,4,13,18,105,51,30,146,57,2,7,31,17,27,53,117,54,38,21,93,143,74,26,130,300,150,18,37,8,19,4,40,75,63,17,102,149,16,9,0,3,0,9,28,0,0,11,83,16,0,0,0,14,5,83,7,2,83,97,533,366,227,74,41,176,227,423,114,353,19,69,173,46,206,49,12,55,28,22,5,4,0,5,0,0,0,0,0,0,1,0,0,0,0,0,0,1,0,0,0,0,34,0,0,0,0,0,0,0,0,0,0,0,0,0,0,0,0,0,0,0,0,0,0,0,1,0,1,0,0,0,0,0,0,0,0,110,200,32,0,0,0,0,0,1,59.91052632,Firmicutes
OTU_175617,511,2028,2588,1379,2316,1909,2796,1386,1708,2428,1679,1152,1458,2147,3299,323,877,353,555,888,2084,2255,266,304,416,0,553,1,719,1209,339,154,288,303,165,500,690,1055,1001,455,501,492,487,644,961,735,875,383,401,383,219,831,780,724,428,177,303,353,146,247,367,430,347,439,443,232,140,584,661,605,214,177,251,127,595,735,1549,928,641,602,218,290,454,189,0,353,56,274,398,491,633,853,945,160,0,0,0,53,240,313,602,556,1265,2203,1163,972,413,562,785,214,145,208,312,570,1043,406,303,259,375,217,638,333,153,163,146,74,128,30,1,0,0,8,114,248,644,472,588,83,542,87,29,19,335,491,155,215,728,393,339,293,166,47,246,213,83,197,221,181,457,314,413,488,192,480,547,883,688,517,468,828,355,369,212,427,611,364,553,2393,205,575,694,4,5,1,315,590,1353,1333,150,227,573.5842105,Bacteroidetes
OTU_175981,436,197,118,262,66,190,57,58,270,185,866,989,1054,849,152,112,288,241,147,740,403,249,663,63,49,0,12,0,73,30,86,115,23,16,68,23,16,38,18,146,732,594,509,432,285,21,31,12,11,72,79,42,164,34,2,3,129,9,31,22,112,65,28,36,69,81,64,45,55,157,50,24,56,21,27,62,18,41,45,57,162,199,31,1088,0,14,1,21,79,1,2,41,477,42,0,0,0,13,7,60,24,8,46,55,592,478,419,52,96,66,258,79,92,614,13,46,664,927,117,37,23,94,365,483,193,653,254,128,3,10,163,1333,1425,2188,5331,4558,6624,2859,4232,1695,5480,13320,3116,1862,1692,6306,12,2049,644,204,218,400,6646,25,2119,151,1260,255,1867,2528,1986,3083,1457,1832,6854,3841,2687,1985,3527,4987,3229,4509,365,458,3161,2753,3340,162,493,201,2693,2153,2523,466,2983,1495,1217,1301,5294,1007,923.2947368,Firmicutes
OTU_176386,146,241,213,317,125,343,205,566,2849,1297,1757,1625,454,650,368,81,387,653,347,431,235,241,46,86,48,0,16,0,97,34,39,112,49,67,89,29,24,85,52,363,254,185,266,243,287,114,36,187,83,121,52,71,149,139,7,4,65,34,101,90,104,69,39,25,65,134,131,78,151,384,327,66,88,44,21,84,24,114,42,27,36,160,20,152,0,38,6,25,98,5,0,13,168,16,0,0,0,14,9,27,10,7,27,70,323,240,133,42,75,143,189,224,69,170,3,53,216,81,106,87,119,81,115,519,233,261,581,7,1,0,0,0,1,0,0,1,0,0,0,0,0,0,1,0,0,0,89,1,0,0,0,0,0,0,0,0,0,0,0,0,0,0,0,0,0,0,0,0,0,0,0,0,0,0,0,0,0,0,0,0,0,360,263,52,0,0,0,0,0,0,131.6421053,Firmicutes
OTU_176808,100,128,471,147,151,365,91,138,434,280,448,1018,402,331,135,93,681,483,196,201,524,317,19,81,68,0,9,0,143,72,86,29,69,53,234,113,27,74,66,98,142,240,72,45,146,33,16,51,235,317,461,42,62,75,3,18,27,76,96,199,81,72,22,44,140,190,247,50,19,202,65,79,123,57,75,53,96,125,70,25,136,345,17,25,0,5,0,11,36,0,1,39,324,17,0,0,0,5,0,8,8,10,142,405,602,520,665,160,222,387,277,141,55,138,6,162,782,440,94,65,80,40,21,324,361,223,7,10,1,0,0,0,0,0,0,0,0,0,0,0,0,0,0,0,0,0,16,0,0,0,0,0,0,0,0,0,0,0,0,0,0,0,0,0,0,0,0,0,0,0,0,0,0,0,0,0,0,0,0,0,0,0,0,0,0,0,0,0,0,0,104.7315789,Firmicutes
OTU_177111,22,2,1,4,0,4,2,1,16,2,77,47,73,50,11,0,31,11,6,49,33,11,35,2,3,0,0,0,10,1,5,9,0,1,1,0,5,2,1,4,40,42,15,19,31,1,1,0,1,6,3,2,14,1,0,0,8,0,2,1,6,2,1,1,8,5,1,2,1,13,2,0,2,1,1,1,3,2,1,6,13,15,0,42,0,0,0,2,4,0,0,3,39,1,0,0,0,3,0,4,1,0,3,4,55,33,21,3,12,3,11,5,2,44,2,3,64,95,6,0,1,5,21,38,12,44,12,0,0,0,16,81,140,207,747,789,953,307,614,119,597,1530,187,129,203,610,2,218,85,24,29,37,479,3,96,29,122,28,139,245,248,286,101,190,454,348,234,180,298,453,358,443,52,51,469,363,559,25,84,42,404,238,477,67,267,160,86,148,583,68,94.23684211,Firmicutes
OTU_177339,0,0,0,0,0,0,0,0,0,0,0,0,0,0,0,0,0,0,0,0,0,0,0,0,0,0,0,0,0,0,0,0,0,0,0,0,0,0,0,0,1,0,0,0,0,0,0,0,0,0,0,0,0,0,0,0,0,0,0,0,0,0,0,0,0,0,0,6,169,1086,205,195,345,70,48,2911,1097,704,720,255,492,341,130,291,0,31,47,93,910,113,168,129,857,180,1,0,0,77,38,107,151,291,343,1104,1313,2997,985,823,1426,253,435,800,662,1824,587,580,1887,3028,587,605,616,247,582,345,458,230,53,45,2,0,1,1,0,0,0,0,2,0,2,3,21,5,274,723,11,0,0,380,899,929,653,696,1501,96,52,116,582,87,7,12,24,6,22,163,850,1046,1006,1331,4380,2732,1258,610,121,748,1025,756,1220,3812,482,520,2284,0,0,0,3075,9,110,251,298,45,370.0684211,Verrucomicrobia
OTU_177477,2923,716,706,527,861,2398,1239,1456,1110,3959,966,1267,1723,1856,2854,182,83,346,171,1013,565,1588,74,4,13,0,190,0,107,1253,437,44,66,128,179,544,312,487,841,287,480,823,439,249,196,21,829,36,79,174,640,55,51,176,50,34,127,169,247,338,180,509,116,804,190,118,198,467,117,510,122,200,543,480,332,3069,458,875,554,517,419,754,251,225,0,4,46,51,296,79,76,77,568,235,0,0,1,3,10,31,39,126,74,144,105,292,129,639,810,38,129,264,274,640,230,425,312,428,281,107,344,92,49,170,227,66,3,18,0,0,0,0,0,0,0,0,0,0,0,0,0,0,0,0,0,0,38,0,0,0,0,0,0,0,0,0,0,0,0,0,0,0,0,0,0,0,0,0,0,0,0,0,0,0,0,0,0,0,0,0,0,0,0,0,0,0,0,0,0,0,308.7684211,Tenericutes
OTU_178122,276,276,124,189,41,227,84,93,456,138,910,936,523,718,125,78,154,261,228,413,173,147,251,87,93,0,9,0,131,79,148,135,52,37,94,30,11,34,71,272,471,459,543,396,509,152,68,44,113,374,559,369,1042,216,6,22,265,59,167,172,219,112,90,47,110,256,276,166,304,344,238,74,112,38,60,8,7,4,5,2,8,8,0,25,0,2,2,2,2,0,0,0,14,5,0,0,0,0,0,4,1,2,13,25,89,45,80,16,27,38,54,58,25,71,6,17,115,103,45,10,9,6,18,76,25,60,2,7,0,0,0,0,0,0,0,0,0,0,0,0,0,0,0,0,0,0,90,0,0,0,0,0,0,0,0,0,0,0,0,0,0,0,0,0,0,0,0,0,0,0,0,0,0,0,0,0,2,0,0,0,0,103,70,19,0,0,0,0,1,0,94.64210526,Firmicutes
OTU_178148,210,916,1153,614,936,887,1185,604,677,1003,744,456,637,840,1310,151,363,147,256,368,821,910,116,115,127,0,220,0,253,449,92,52,101,102,72,168,240,396,328,148,183,176,183,239,387,223,304,149,137,136,81,275,261,221,163,76,122,152,58,81,114,159,115,164,163,84,62,199,232,193,85,54,96,60,229,285,508,333,244,198,83,92,171,67,0,116,27,96,152,200,236,295,304,51,0,0,0,19,99,91,211,222,460,729,416,401,175,217,289,77,67,77,125,209,384,144,104,98,123,90,221,136,53,56,58,27,34,12,1,1,6,1,46,94,195,153,208,43,153,28,12,6,114,205,50,68,238,140,122,92,60,8,76,74,27,60,90,59,160,127,142,156,77,141,194,313,220,203,147,247,107,132,66,167,190,125,213,744,79,187,217,111,194,30,125,193,458,447,68,85,216.6315789,Bacteroidetes
OTU_178513,10,7,3,5,6,4,4,2,3,2,11,10,15,11,11,1,1,1,3,3,1,5,4,0,1,0,1,0,2,0,0,1,0,0,1,0,0,0,1,0,1,4,1,1,4,0,4,0,2,3,7,3,2,1,0,1,1,0,0,0,1,0,1,2,0,2,2,8,1,4,1,4,1,0,0,3,2,3,2,1,3,10,1,0,0,0,0,0,3,1,0,0,0,0,0,0,0,2,0,2,0,0,1,1,2,7,8,7,6,1,1,1,4,3,0,0,2,3,0,2,1,0,0,0,0,3,0,7,1,5,252,449,3197,2932,2791,959,1396,489,818,666,18,523,1236,758,1352,2025,1,704,394,683,830,323,366,19,142,92,267,94,247,308,561,415,380,336,485,627,469,572,455,415,270,286,203,398,637,338,640,880,268,188,261,0,1,1,174,96,135,309,213,139,183.0210526,Firmicutes
OTU_178809,423,291,187,270,93,272,175,176,486,249,813,897,670,1118,224,98,185,389,174,297,227,156,487,114,86,0,14,0,110,133,79,79,28,28,153,37,19,92,77,507,757,664,423,321,410,99,110,213,118,177,157,123,403,117,11,5,102,37,102,127,102,78,42,38,63,101,114,81,153,291,123,87,157,58,108,114,57,280,92,56,200,183,39,332,0,28,41,33,55,16,22,12,152,35,0,0,0,11,1,43,29,36,57,107,644,594,586,88,118,146,251,259,173,404,27,163,1077,953,323,129,79,96,107,608,388,515,175,13,0,0,0,0,0,0,0,0,0,0,0,0,1,3,1,1,1,1,70,0,1,0,2,1,0,0,0,0,0,0,0,0,0,0,0,0,0,0,0,0,0,0,0,0,0,0,0,0,0,0,0,0,1,470,333,56,0,0,0,1,2,0,141.4578947,Firmicutes
OTU_179408,487,621,331,440,260,693,255,137,535,294,1004,545,600,683,177,126,132,303,104,380,190,367,1005,121,79,0,25,0,68,95,134,90,49,24,54,26,8,22,49,167,292,296,342,162,384,158,222,109,63,186,237,130,279,47,8,3,58,20,65,115,112,63,74,60,86,124,108,52,64,133,73,16,39,9,22,411,84,185,88,16,34,74,7,36,0,12,3,1,15,3,7,2,19,2,1,0,0,4,3,11,16,12,14,13,84,37,92,25,31,29,58,50,38,105,21,47,239,276,95,30,34,5,5,10,3,6,1,22,0,0,778,386,1180,846,1046,512,1007,539,919,54,38,27,18,210,607,1246,26,715,462,295,960,573,600,39,413,101,674,215,431,354,691,468,550,436,690,558,613,1021,764,1343,804,1196,323,365,609,514,574,122,229,320,1285,318,232,59,1317,342,533,1050,984,1125,273.7526316,Firmicutes
OTU_179460,348,387,494,315,266,255,169,147,445,279,266,917,366,419,373,46,163,122,140,195,261,290,70,80,55,0,51,0,43,66,36,64,41,24,54,28,35,216,107,275,174,93,85,77,149,52,38,189,88,83,87,152,140,73,41,39,31,21,39,70,54,51,27,55,37,70,101,110,147,271,109,111,93,80,104,97,147,168,19,10,19,40,18,104,0,15,13,22,20,5,17,12,70,22,0,0,0,3,10,27,33,85,47,216,165,120,188,137,202,83,85,139,138,135,123,77,183,99,75,31,28,10,15,86,41,106,310,8,0,7,12,22,30,14,25,22,50,9,12,9,1,0,2,6,21,8,88,0,3,10,5,3,6,0,4,4,2,6,5,4,5,3,4,6,3,1,4,7,6,7,2,1,3,2,2,2,4,6,5,4,8,114,228,21,2,1,13,12,6,1,82.86842105,Firmicutes
OTU_179885,65,402,401,251,83,158,115,207,1010,522,104,214,32,791,219,72,418,476,593,464,588,267,37,167,211,0,20,0,424,68,138,174,88,122,259,43,30,101,136,1055,964,470,173,28,82,241,31,141,59,553,425,190,408,376,18,28,89,46,177,242,212,114,83,71,172,301,408,356,711,1477,777,235,301,190,219,53,80,340,147,28,177,328,43,27,0,38,13,24,95,1,3,93,308,70,0,0,0,54,33,235,71,51,196,487,1380,935,1122,241,234,555,717,1272,325,755,105,388,382,104,332,169,57,120,40,20,6,19,3,40,0,0,0,1,0,0,0,0,0,0,0,0,0,0,0,0,0,0,115,0,0,0,0,0,0,0,0,0,0,0,0,0,0,0,0,0,0,0,0,0,0,0,0,0,0,0,0,0,0,1,0,0,0,464,414,109,0,0,1,0,0,0,180.6,Firmicutes
OTU_179903,301,45,38,97,33,107,79,105,1300,288,649,867,784,871,173,98,158,487,536,911,373,276,16,74,71,0,43,0,210,103,90,175,82,68,113,41,31,111,154,193,279,307,640,424,200,159,59,100,141,305,463,737,582,335,27,69,189,190,504,283,189,99,85,28,59,186,152,88,209,301,240,129,170,59,89,172,204,324,94,52,286,214,56,911,0,516,26,59,591,22,20,138,540,83,0,0,0,14,9,103,85,43,288,615,1318,1073,1236,125,156,101,229,463,727,343,109,32,82,90,87,35,31,34,59,192,118,211,516,81,2,1,0,2,1,1,0,0,0,0,0,0,0,0,0,0,0,0,325,0,0,0,0,0,0,0,0,0,0,0,0,0,0,0,0,0,1,0,0,0,0,0,0,0,0,0,0,0,0,0,0,0,0,0,0,0,0,0,0,0,0,1,165.6526316,Firmicutes
OTU_179905,25,147,55,46,46,76,44,65,187,295,117,253,132,625,521,80,77,50,61,56,146,84,1,34,17,0,40,0,93,67,58,34,52,54,53,57,66,137,119,187,118,122,185,146,635,304,110,149,156,242,136,342,246,97,39,18,53,66,43,88,135,128,95,57,83,82,54,183,83,71,33,38,50,10,12,4,5,13,6,3,5,35,4,4,0,14,5,32,38,5,14,36,76,45,0,0,0,10,26,66,14,11,19,55,114,135,260,789,786,180,127,93,39,180,136,182,76,35,218,116,172,341,98,184,166,145,4,1,0,0,0,0,0,2,2,2,0,4,1,0,0,1,0,1,0,1,137,0,0,0,0,0,2,0,0,1,0,0,0,0,0,0,0,1,0,2,0,2,2,0,1,1,0,1,4,1,1,11,0,0,3,2,7,3,0,0,1,4,0,3,73.64210526,Firmicutes
OTU_180070,222,158,139,159,64,176,104,94,519,199,671,828,434,855,210,89,198,308,256,291,174,210,199,46,56,0,15,0,95,92,150,77,34,34,122,31,8,49,39,285,497,457,390,280,309,87,42,26,65,208,262,97,437,30,12,10,139,15,40,46,129,61,43,38,73,132,151,61,108,243,120,42,68,40,55,102,37,73,66,23,133,153,20,222,0,8,4,8,57,1,7,17,125,37,0,0,0,16,13,32,18,14,161,318,1195,504,704,151,161,205,405,322,161,448,13,77,1049,832,254,56,55,90,209,818,285,1091,288,83,40,15,87,3,18,55,187,315,638,226,353,48,14,116,205,368,1239,1586,18,394,372,1106,1316,616,3019,61,926,70,408,192,1004,779,958,1580,1199,1872,3040,2387,2222,2379,1674,1225,998,3103,503,284,343,158,150,4,11,16,189,520,319,90,831,63,352,244,5,2506,361.2789474,Firmicutes
OTU_180450,16,149,142,91,43,89,63,117,408,168,81,107,28,467,115,47,250,208,290,220,260,148,8,40,82,0,6,0,222,30,54,38,29,36,29,13,11,43,41,188,211,113,45,13,62,92,5,21,13,134,41,83,177,116,8,12,43,25,32,61,107,32,31,22,62,105,64,62,253,332,196,50,65,42,76,8,21,63,37,11,54,84,22,4,0,9,1,2,28,0,1,26,76,17,0,0,0,10,14,86,25,18,124,189,403,298,187,106,89,143,187,184,71,200,48,90,128,51,142,50,27,63,26,11,6,16,4,2,1,0,0,0,0,0,0,0,0,0,0,0,0,0,0,0,0,0,55,0,0,0,0,0,0,0,0,0,0,0,0,0,0,0,0,0,0,0,0,0,0,0,0,0,0,0,0,0,0,0,0,0,0,238,313,37,0,0,0,0,0,13,59.48421053,Firmicutes
OTU_180468,514,923,767,508,510,493,656,489,597,1002,360,860,424,439,770,68,193,201,161,431,364,535,47,43,24,0,126,0,46,73,23,49,38,45,44,35,56,137,93,217,151,150,154,148,87,97,87,89,87,91,134,153,69,160,53,22,54,63,87,103,39,80,76,71,61,43,69,255,260,245,76,90,117,96,53,71,89,178,45,27,26,82,65,60,0,41,38,27,128,34,66,102,264,77,0,0,1,14,41,59,99,84,56,80,221,117,234,371,441,94,68,113,176,212,222,184,74,69,91,83,157,78,14,64,104,42,10,16,0,0,0,0,0,1,0,3,2,1,1,0,0,3,36,46,47,141,116,185,188,78,227,154,35,44,65,90,125,88,208,53,75,69,53,100,169,183,165,610,136,229,198,123,60,121,189,181,211,1379,27,89,78,29,1,4,157,105,786,242,30,120,152.6105263,Firmicutes
OTU_181003,15,11,13,18,7,31,18,7,26,10,124,58,90,101,11,14,11,31,12,47,13,29,67,5,16,0,1,0,9,7,17,11,1,2,3,2,2,1,1,6,24,20,29,27,56,23,7,1,4,10,9,15,37,6,1,0,10,0,4,2,12,6,6,3,10,13,2,4,16,11,7,0,3,1,2,8,9,12,10,3,6,7,1,18,0,1,0,0,8,0,0,1,7,2,0,0,0,0,0,2,1,0,4,7,45,34,19,3,7,9,11,18,11,14,0,4,61,38,19,6,3,3,12,47,11,37,299,10,64,14,122,395,808,486,910,742,1231,351,681,346,544,1019,404,302,534,790,2,425,308,446,399,231,390,2,145,51,320,148,281,275,316,533,271,540,693,635,573,702,566,967,648,773,291,256,525,472,590,92,98,73,678,15,37,2,476,252,140,207,207,219,142.4736842,Firmicutes
OTU_181139,220,391,298,359,136,407,267,134,557,563,1550,1973,1394,2804,1102,181,475,849,731,901,279,426,113,55,193,0,49,0,276,145,138,91,41,59,59,53,64,151,140,194,325,293,291,251,195,279,85,40,85,198,108,208,322,85,15,33,302,33,94,153,228,162,126,94,142,201,94,224,327,458,283,65,174,30,151,158,242,216,166,74,187,243,63,132,0,56,0,13,157,13,35,54,171,27,0,0,0,17,20,161,122,75,93,228,457,429,373,224,448,254,317,292,458,586,227,125,257,215,235,49,65,127,138,364,167,435,7,23,0,0,0,0,1,2,1,3,0,1,2,1,0,2,1,1,6,4,30,2,3,1,2,4,1,0,0,1,1,0,1,2,3,2,3,0,1,0,0,5,5,3,2,1,3,1,2,2,0,2,2,1,3,1064,697,121,3,1,3,8,1,49,184.3578947,Firmicutes
OTU_181170,130,291,526,72,129,47,37,231,528,322,131,621,97,291,196,10,103,17,107,16,146,68,3,3,4,0,18,0,14,11,0,9,25,18,41,13,13,205,61,111,19,23,36,15,5,13,1,79,16,23,15,134,116,132,58,16,4,68,23,6,19,5,13,12,9,28,66,48,26,67,30,137,20,81,58,9,24,60,2,5,9,7,21,175,0,30,14,14,54,4,23,28,42,20,0,0,0,0,23,35,85,65,50,410,39,46,169,174,146,130,112,56,23,71,158,65,24,6,39,63,38,131,58,104,47,185,1661,24,0,2234,1022,3236,543,30,4,0,39,50,47,0,0,3,71,144,281,109,106,18,92,38,67,35,1442,5,40,3,46,21,271,96,61,127,85,227,207,126,237,73,28,147,27,190,40,33,24,61,16,15,17,28,16,18,26,13,42,85,77,12,1,57,121.4368421,Firmicutes
OTU_181330,63,173,91,159,14,107,56,50,389,79,792,570,555,629,72,67,244,350,350,578,335,303,118,117,154,0,5,0,138,28,92,126,47,26,49,9,8,13,21,175,333,271,138,117,185,140,24,3,15,91,35,74,208,14,0,5,56,4,13,39,64,28,25,9,35,79,55,40,113,185,116,16,48,14,25,15,16,30,43,16,84,123,3,49,0,10,0,8,52,1,0,14,122,13,0,0,0,15,5,47,15,5,53,78,546,392,203,38,61,130,233,354,108,309,14,51,330,132,230,54,20,67,151,371,135,253,31,4,0,0,0,0,0,1,0,0,0,0,0,0,0,0,0,0,0,1,22,0,0,0,0,0,0,0,0,0,0,0,0,0,0,0,0,0,0,0,0,0,1,0,0,0,0,0,0,0,0,0,0,0,3,526,782,86,0,0,0,1,4,66,85.76842105,Firmicutes
OTU_181882,4174,2720,2590,3134,1654,3992,1852,3157,5266,8828,4196,4472,6541,3579,4819,881,513,1651,749,2178,1466,4965,2007,236,290,0,1033,1,376,692,566,488,392,242,397,360,576,1244,1045,1425,2183,1904,951,867,1165,578,2587,773,581,497,895,2271,454,1134,271,201,591,346,503,1111,364,650,430,484,244,414,569,415,971,1362,451,911,1231,780,152,1537,425,801,296,200,206,897,348,371,0,542,262,709,973,220,577,460,2448,489,1,0,0,226,351,445,1147,708,153,247,1118,2687,1407,1178,2797,616,582,1413,2226,1339,2355,2547,1225,1036,628,432,1218,591,216,877,784,467,59,106,1,0,0,1,0,0,0,0,0,0,0,0,0,0,0,0,0,0,732,0,0,0,0,0,0,0,0,0,0,0,0,0,0,0,0,0,0,0,0,0,0,0,0,0,0,0,0,0,0,0,0,0,0,0,0,0,0,0,0,0,0,0,830.0789474,Firmicutes
OTU_181961,0,0,0,0,0,0,0,0,0,0,0,0,0,0,0,0,0,0,0,0,0,0,0,0,0,0,0,0,0,0,0,0,0,0,0,0,0,0,0,0,0,0,0,0,0,0,0,0,0,0,0,0,0,0,0,0,0,0,0,0,0,0,0,0,0,0,0,0,0,0,0,0,0,0,0,0,0,0,0,0,0,0,0,0,0,0,0,0,0,0,0,0,0,0,0,0,0,0,0,0,0,0,0,0,0,0,0,0,0,0,0,0,0,0,0,0,0,0,0,0,0,0,0,0,0,0,0,2,0,0,0,0,0,0,0,0,0,0,0,0,0,0,0,0,0,0,0,0,0,0,0,0,0,0,0,0,0,0,0,0,0,0,0,0,0,0,0,0,0,0,0,0,408,876,1473,1212,1211,294,256,670,1820,0,0,0,656,1422,52,275,1921,0,66.04210526,Firmicutes
OTU_182205,428,151,85,109,19,99,30,48,189,72,504,548,528,542,75,34,84,105,60,163,119,75,271,28,30,0,7,0,51,35,49,106,17,9,46,14,11,17,8,89,336,392,142,143,213,39,18,70,25,128,94,35,130,20,3,4,68,7,36,47,78,44,41,24,70,127,106,64,135,206,141,28,48,21,30,74,47,123,72,27,79,123,18,190,0,18,10,9,37,1,0,11,115,19,0,0,0,10,2,24,8,3,48,72,508,299,379,45,60,55,157,133,112,350,6,56,631,545,155,38,27,23,58,164,81,276,640,22,0,0,0,2,2,1,1,0,2,1,0,0,0,0,0,0,1,4,14,7,3,1,0,0,0,0,0,0,1,0,0,0,0,1,1,0,1,1,1,3,1,3,4,1,0,0,2,0,2,0,2,4,5,885,934,130,1,2,0,1,2,1,83.97894737,Firmicutes
OTU_183187,340,249,212,225,201,398,301,166,239,636,664,467,663,202,761,270,80,258,77,88,96,243,56,7,12,0,68,0,24,170,66,13,15,21,48,114,68,73,112,44,176,210,198,241,393,52,566,28,55,85,251,72,47,52,14,7,55,20,23,65,35,74,22,94,54,37,59,81,92,150,24,45,103,26,30,596,52,119,166,60,34,138,67,110,0,3,23,15,59,49,96,32,176,68,0,0,0,11,18,34,62,50,26,112,147,212,131,162,331,32,47,62,177,188,89,82,91,126,57,64,89,12,10,33,39,27,1,18,0,0,0,0,0,0,0,0,0,0,0,0,0,0,0,0,1,5,17,8,11,0,0,0,29,8,5,0,13,7,5,21,8,4,6,61,43,59,102,325,291,146,94,51,56,109,473,160,130,1984,146,115,466,0,0,0,161,68,162,517,1228,0,119.9,Firmicutes
OTU_183487,0,0,0,0,0,0,0,1,0,0,1,0,1,1,0,0,0,1,1,0,0,0,0,0,0,0,0,0,0,0,0,0,0,0,0,0,0,0,0,0,0,0,0,0,0,0,0,0,0,0,0,0,0,0,0,0,0,0,0,0,0,0,0,0,0,0,0,0,0,0,0,0,0,0,0,0,0,0,0,0,0,0,0,0,0,0,0,0,0,0,0,0,0,0,0,0,0,0,0,0,0,0,0,0,0,0,0,0,0,0,0,0,0,0,0,0,0,0,0,0,0,0,0,0,0,0,0,0,0,0,0,0,0,0,0,0,1,0,0,0,0,0,0,0,0,0,0,0,0,0,0,0,0,0,0,0,0,0,0,0,0,0,0,0,0,0,0,1,0,0,3,139,385,519,1432,1314,2551,118,774,408,1146,0,0,0,1489,863,896,990,1469,606,79.52631579,Firmicutes
OTU_186640,408,347,592,522,345,626,305,583,1325,708,786,539,488,427,462,96,508,394,113,250,298,489,83,48,45,0,82,0,92,132,56,69,46,26,107,171,143,140,52,150,274,274,113,127,170,26,73,111,137,107,132,46,85,107,17,12,56,73,97,92,53,48,29,46,91,83,140,28,59,241,135,165,164,67,40,148,30,145,82,69,40,150,29,110,0,14,18,41,75,12,61,29,245,38,0,0,0,16,12,32,64,101,44,282,618,756,433,166,411,256,235,197,157,131,155,183,463,264,102,147,161,36,61,202,151,180,12,14,0,0,0,1,1,0,0,0,0,0,0,0,0,0,0,0,0,0,57,0,0,0,0,0,0,0,0,0,0,0,0,0,0,0,0,0,0,0,0,0,0,0,0,0,0,0,0,0,0,0,0,0,0,0,0,0,0,0,0,0,0,0,121.0947368,Firmicutes
OTU_186955,13,117,69,60,19,71,24,48,294,106,129,99,23,441,100,38,216,218,304,330,242,136,19,73,126,0,4,0,143,32,74,68,29,33,31,7,6,34,20,193,273,172,64,17,60,114,7,8,9,105,45,42,232,40,0,4,50,7,28,50,74,35,31,15,54,80,67,64,213,252,160,29,58,17,43,8,21,46,48,3,51,71,12,5,0,8,0,3,14,1,1,8,75,9,0,0,0,15,8,66,23,3,110,226,625,306,187,87,68,110,171,327,103,216,33,71,179,70,162,42,15,46,13,22,6,6,1,0,0,0,0,0,0,0,0,0,0,0,0,0,0,0,0,0,0,0,26,0,0,0,0,0,0,0,0,0,1,0,0,0,0,0,0,0,0,0,0,0,0,0,0,0,0,0,0,0,0,0,0,0,0,254,372,51,0,0,0,0,0,2,57.44736842,Firmicutes
OTU_187360,392,292,126,99,45,79,61,78,226,184,318,1034,715,359,89,33,73,112,35,138,101,112,119,17,33,0,30,0,54,52,56,58,26,21,31,28,24,21,43,101,183,142,58,81,179,186,277,159,168,137,128,240,182,33,16,12,29,20,30,30,30,16,17,13,33,47,68,48,40,80,36,31,61,20,8,215,77,181,31,23,33,84,13,52,0,52,27,17,42,13,7,7,50,6,0,0,0,7,4,44,31,21,21,21,121,115,134,37,73,32,64,74,59,78,18,57,255,320,82,29,53,20,28,164,104,184,39,1,1,0,0,0,0,0,0,0,0,0,0,0,0,0,0,0,0,0,34,0,0,0,0,0,0,0,0,0,0,0,0,0,0,0,0,0,0,0,0,0,0,0,0,0,0,0,0,0,0,0,0,0,0,0,0,0,0,0,0,0,0,126,61.23157895,Firmicutes
OTU_187524,222,648,331,270,75,328,159,146,195,219,532,754,446,275,76,31,99,179,338,1808,409,167,91,29,64,0,7,0,28,14,74,231,44,34,28,10,7,17,24,47,97,118,56,81,86,50,38,73,155,221,412,63,42,56,0,7,58,11,29,70,40,36,37,29,54,36,49,53,102,169,80,17,30,7,16,116,85,297,251,116,170,62,57,228,0,66,4,22,371,8,6,7,57,9,0,0,0,7,7,27,18,7,242,640,984,219,101,37,46,72,94,65,155,588,192,139,330,196,51,17,7,29,21,58,41,42,14,6,0,0,0,0,0,1,0,0,0,0,0,0,0,0,0,8,25,27,24,0,5,12,6,1,26,0,50,51,137,4,14,25,25,16,20,49,84,100,231,145,109,37,101,51,25,6,8,7,6,4,2,4,9,394,136,19,85,2,467,270,2,622,109.3157895,Firmicutes
OTU_187743,46,339,268,175,49,126,71,169,742,363,71,146,18,575,144,56,296,359,402,395,353,216,10,41,48,0,8,0,109,19,41,50,28,43,66,29,10,21,49,236,242,115,47,6,27,68,7,47,17,122,105,63,111,91,4,9,19,10,41,53,58,27,25,16,42,75,99,82,175,420,210,67,59,59,48,9,18,96,24,6,54,86,8,8,0,7,0,6,23,2,2,12,76,20,0,0,0,12,7,45,20,12,50,122,405,243,280,48,63,164,203,343,78,171,22,116,87,35,78,39,19,35,5,9,0,4,1,14,0,0,0,0,0,0,0,0,0,0,0,0,0,0,0,0,0,0,33,0,0,0,0,0,0,0,0,0,0,0,1,0,0,0,0,0,0,0,0,0,0,0,0,0,0,0,0,0,0,0,0,0,0,129,115,17,0,0,0,0,0,1,64.92631579,Firmicutes
OTU_188196,27,217,161,86,43,105,73,91,205,137,460,571,336,563,120,66,200,204,338,390,333,144,22,34,51,0,5,0,144,31,55,39,50,30,26,11,7,38,39,86,96,114,123,87,80,201,22,17,47,48,34,95,125,72,14,10,88,22,24,24,86,55,62,29,89,91,35,51,60,99,54,18,29,11,33,13,132,100,64,26,131,133,33,36,0,32,0,3,32,2,1,19,73,13,0,0,1,1,1,43,8,6,36,63,169,114,93,50,144,85,97,116,106,169,73,17,60,68,76,17,18,55,67,155,56,75,13,1,0,0,0,0,0,0,0,0,0,0,0,0,0,0,0,0,0,0,37,0,0,0,0,0,0,0,0,0,0,0,0,0,0,0,0,0,0,0,0,0,0,0,0,0,0,0,0,0,0,0,0,0,0,124,177,18,0,0,0,0,0,137,58.27368421,Firmicutes
OTU_188818,108,91,38,69,11,79,33,43,175,50,384,437,421,331,58,29,79,148,108,226,102,101,239,37,40,0,7,0,30,21,38,60,33,9,34,9,2,9,26,100,127,118,140,105,236,77,29,18,22,88,92,41,118,21,3,2,37,3,18,34,27,26,11,5,9,55,33,16,24,54,38,12,20,8,9,29,14,46,32,7,27,41,5,35,0,2,1,4,15,0,2,0,29,4,0,0,0,3,2,7,0,2,13,23,137,67,96,14,11,22,54,69,28,66,1,2,46,48,13,11,6,5,7,46,21,59,198,12,3,121,63,203,238,88,43,1,9,18,74,182,1117,1807,281,186,257,661,11,364,179,211,386,247,1192,14,167,27,315,98,372,348,301,468,379,399,550,479,345,564,446,893,427,671,100,179,328,347,438,119,25,53,326,322,494,48,153,82,249,349,298,800,140.9894737,Firmicutes
OTU_188900,119,208,124,186,62,141,101,135,685,309,327,602,390,430,127,38,39,97,113,205,142,200,13,17,9,0,6,0,20,7,15,18,14,14,7,9,9,13,19,42,51,55,60,58,34,12,12,25,24,41,57,91,57,38,8,5,27,21,28,13,31,14,10,9,11,30,33,42,57,83,47,30,60,17,26,24,41,54,20,11,30,21,8,32,0,7,0,1,13,1,0,9,51,12,0,0,0,2,1,8,5,5,11,40,76,58,50,13,55,41,30,37,47,43,11,23,37,35,30,26,26,30,15,62,27,39,82,6,103,44,129,148,237,344,187,64,84,77,24,9,0,54,134,179,226,188,42,223,194,192,138,69,171,11,29,4,48,33,107,72,46,118,80,80,161,261,129,96,121,112,57,61,72,118,130,101,84,11,16,58,40,15,11,1,131,197,294,74,6,139,73.25789474,Firmicutes
OTU_190310,360,364,210,348,57,336,129,137,709,259,1658,1722,1207,1481,206,178,311,794,462,842,320,666,452,127,175,0,16,0,173,98,285,269,106,38,170,40,32,31,80,497,757,977,679,328,501,117,58,31,70,218,253,139,700,109,4,12,201,26,99,126,213,86,69,33,75,214,280,110,177,326,221,84,182,61,76,67,45,41,23,6,65,88,5,60,0,7,0,6,24,0,1,9,44,5,0,0,0,15,4,20,3,3,33,41,288,145,134,21,24,10,15,16,35,90,10,19,241,178,82,16,16,10,37,161,45,147,34,20,2,0,0,1,0,0,0,0,0,0,0,0,0,0,0,0,0,0,69,0,0,0,0,0,0,0,0,0,0,0,0,0,0,0,0,0,0,0,0,0,0,0,0,0,0,0,0,0,0,0,0,0,0,807,734,109,0,0,0,1,0,0,142.5736842,Firmicutes
OTU_190454,215,1031,1002,778,489,1023,600,927,1774,914,2401,1485,847,2444,766,391,1245,1528,1931,2199,2002,595,32,346,400,0,94,0,851,259,446,288,355,170,236,87,52,232,272,706,894,1110,726,477,371,1324,132,200,520,745,494,276,1054,1041,42,97,395,141,162,283,642,446,213,242,592,840,441,167,245,669,395,119,215,102,85,134,469,434,318,155,448,543,145,106,0,40,1,45,148,3,6,143,668,119,0,0,0,29,22,308,34,7,388,549,1957,1590,1155,619,859,575,736,1189,670,1335,114,343,943,572,653,253,138,365,237,813,654,407,29,20,1,2,0,0,0,0,0,0,0,0,1,0,0,0,1,0,0,0,320,0,0,0,0,0,0,0,0,0,0,0,0,0,0,1,0,0,0,0,0,0,0,0,1,0,0,0,0,0,0,1,1,0,1,2,2,0,0,0,0,0,0,0,363.8526316,Firmicutes
OTU_190464,45,42,32,58,16,42,19,22,70,30,273,154,216,278,46,29,130,56,73,158,137,47,138,12,11,0,7,0,27,10,21,23,4,6,13,3,2,5,3,21,168,116,80,94,108,3,4,0,2,15,3,11,67,9,0,7,51,3,4,2,27,31,12,16,20,29,11,7,17,40,8,4,15,9,6,3,8,6,11,9,27,43,16,118,0,1,0,3,12,0,1,8,68,4,1,0,0,4,4,19,1,0,7,24,144,97,72,17,28,15,49,12,14,125,6,10,140,201,41,6,1,20,124,96,38,127,42,12,0,3,45,237,405,484,1464,1514,2061,729,1472,379,793,2808,643,621,585,1511,1,512,204,87,77,84,1068,3,293,26,356,97,450,564,642,902,361,683,1607,1174,849,579,874,1261,1138,1700,171,96,929,853,1215,36,129,77,852,430,908,144,759,323,192,333,946,253,237.3947368,Firmicutes
OTU_193572,81,146,125,117,46,115,74,59,371,184,989,894,751,1247,470,74,201,352,309,362,125,143,64,39,75,0,21,0,82,76,49,31,18,28,25,31,33,68,52,86,170,142,113,125,93,83,17,10,29,75,58,83,139,30,6,14,121,18,49,51,87,57,60,37,63,83,48,153,183,247,145,34,94,24,62,125,71,92,59,23,82,114,22,60,0,25,0,22,65,10,11,16,84,13,0,0,0,4,15,68,49,25,89,117,281,223,151,104,176,82,94,110,143,205,52,84,199,172,119,22,47,27,36,127,94,213,17,11,1,0,0,0,0,0,0,0,0,1,0,0,0,0,0,0,0,0,17,0,0,0,0,0,0,0,0,0,0,0,0,0,0,0,0,0,0,0,0,0,0,0,0,0,0,0,0,0,0,0,0,0,0,109,70,11,0,0,0,0,0,0,79.34210526,Firmicutes
OTU_194041,0,2,1,0,1,1,0,0,0,0,1,0,1,2,0,0,1,0,1,2,0,0,3,0,1,0,0,0,1,0,0,0,0,0,0,0,0,0,0,0,0,1,1,0,0,1,0,1,0,1,1,0,0,0,0,0,0,0,2,0,0,0,0,0,0,0,0,0,0,0,0,0,0,0,0,0,1,0,0,0,0,1,0,0,0,0,0,0,0,0,0,0,0,0,0,0,0,0,0,0,0,0,0,0,6,2,0,0,0,0,0,0,0,2,0,0,3,3,0,1,0,1,0,0,0,1,0,7,0,0,10,145,417,454,493,396,594,137,316,278,881,1268,332,147,371,615,0,333,228,178,203,108,303,5,69,20,164,39,125,103,161,145,106,82,255,229,153,229,175,279,181,100,16,26,25,35,65,3,23,12,71,89,129,12,60,32,23,52,55,40,61.31052632,Firmicutes
OTU_194565,53,185,179,199,61,213,162,138,844,329,1443,1419,1473,1546,499,158,254,390,544,708,419,442,81,109,189,0,15,0,340,113,130,82,62,79,43,48,42,95,137,129,255,227,233,366,245,230,62,26,83,134,57,491,525,97,26,39,222,60,57,114,269,150,127,49,125,162,54,171,516,419,366,58,193,28,152,67,333,184,157,94,317,155,36,120,0,82,0,12,106,5,11,41,172,12,0,0,0,13,17,176,48,12,153,293,435,396,188,125,283,207,195,241,321,318,148,95,220,225,356,54,80,179,176,356,162,230,56,9,2,1,1,0,1,2,0,0,0,1,0,0,0,0,0,0,0,0,211,1,0,2,0,0,1,0,0,0,0,0,0,0,1,0,0,1,0,0,1,1,0,1,0,0,0,0,0,0,0,0,0,0,0,186,159,19,0,0,1,0,0,269,148.8052632,Firmicutes
OTU_194654,52,120,99,119,31,93,56,96,563,162,724,594,378,296,118,28,176,187,207,244,143,160,28,60,41,0,1,0,66,27,29,52,23,21,21,12,15,13,23,70,97,63,90,109,86,67,12,28,31,27,6,47,87,31,5,5,48,18,20,48,88,51,23,20,55,55,25,39,124,168,155,32,57,7,4,15,27,45,31,18,46,100,10,66,0,34,0,7,43,1,0,5,54,4,0,0,0,6,2,31,6,0,26,49,173,138,59,22,54,69,95,87,59,72,28,17,66,51,53,27,33,42,68,196,111,82,82,0,0,1,16,36,156,167,174,115,114,88,37,8,2,88,37,96,137,82,42,97,150,104,101,38,39,13,7,9,34,27,49,21,37,63,27,40,46,96,69,77,61,58,31,38,57,44,111,84,61,44,7,38,26,115,135,14,47,36,168,47,2,45,68.92105263,Firmicutes
OTU_194672,145,232,159,243,87,324,205,113,984,364,1774,1139,1425,1694,544,155,209,530,432,619,232,337,186,57,122,0,26,0,117,96,83,48,29,38,35,48,49,122,91,131,272,242,188,278,217,80,42,33,66,109,86,169,335,88,20,23,200,32,79,113,159,69,67,40,99,131,80,259,352,381,213,60,130,32,117,168,136,170,111,56,146,129,37,103,0,29,2,16,92,12,16,37,177,30,0,0,0,10,13,107,55,31,187,223,683,543,237,152,216,175,151,157,165,298,70,173,487,473,289,66,120,77,82,316,195,308,74,19,13,14,51,15,60,73,172,140,245,154,140,27,1,196,133,378,434,359,33,398,363,284,256,169,110,25,20,42,195,74,134,125,123,126,55,110,113,171,193,224,165,139,124,134,249,217,328,177,182,107,82,86,110,141,66,7,188,131,234,268,17,70,183.5473684,Firmicutes
OTU_196080,57,318,414,156,283,175,320,318,561,685,269,447,255,264,405,42,236,102,95,204,407,349,29,91,88,0,86,0,91,100,32,29,54,60,34,132,141,270,140,123,65,142,102,302,129,149,79,90,132,148,38,117,111,159,108,50,17,87,27,20,48,58,39,49,34,15,14,69,84,94,65,55,39,43,107,86,262,213,64,119,79,34,76,58,0,85,23,68,82,197,229,156,69,27,0,0,0,4,17,17,93,88,291,411,198,130,85,112,97,29,25,32,44,66,133,80,46,37,37,31,75,62,19,24,21,9,7,3,1,0,2,2,28,69,114,115,126,25,118,27,16,15,46,100,99,124,99,269,153,352,127,26,60,156,58,108,138,103,312,195,194,210,85,219,286,504,269,366,245,374,148,136,103,127,192,176,315,1079,57,161,177,210,218,39,119,198,189,160,63,125,131.1789474,Bacteroidetes
OTU_196167,185,228,162,225,57,218,107,56,208,116,532,470,420,359,99,50,76,208,80,399,129,143,293,91,53,0,7,0,34,50,94,79,27,13,49,27,6,15,47,118,261,234,248,161,144,25,73,24,81,134,287,46,86,50,0,10,107,7,42,72,68,79,61,30,104,92,145,52,57,151,85,14,53,14,13,119,61,76,86,34,99,124,14,136,0,6,4,8,42,0,1,37,110,38,0,0,0,9,1,9,4,1,8,63,333,184,174,33,63,36,86,125,75,184,4,24,44,44,23,23,29,22,42,175,71,120,10,9,0,0,0,0,0,0,0,0,0,0,0,0,0,0,0,0,0,0,20,0,0,0,0,0,0,0,0,0,0,0,0,0,0,0,0,0,0,0,0,0,0,0,0,0,0,0,0,0,0,0,0,0,0,0,0,0,0,0,0,0,0,0,61.48947368,Firmicutes
OTU_196757,3183,8334,9636,3361,5606,3117,4577,8298,13857,21387,4318,12175,3375,6360,7188,893,3507,2463,2218,4869,8556,6708,1084,1847,1793,0,1371,0,845,897,563,893,1220,1883,1552,2407,1924,5462,4388,3965,1402,2463,3253,4449,2399,2680,802,4485,4488,4641,1832,2469,2131,5608,2317,1500,327,2103,1409,505,823,510,895,1013,691,703,692,2197,2050,2596,2027,3381,1616,3877,3308,2138,4986,6356,526,2062,2354,1154,1627,4426,0,2628,2982,1628,3410,6157,5434,3023,2257,795,1,0,2,122,413,708,2703,3346,5410,6821,6203,3783,3303,3814,4571,2107,1970,2088,1692,1574,2279,1520,1095,802,987,862,2123,2401,1425,1524,1107,1002,471,572,6094,11197,12596,10757,11654,8234,9959,4962,5622,3598,5810,2143,787,1645,3698,2413,10414,10243,2457,11567,5903,7921,7206,4269,4765,2910,2420,2918,2605,1245,6903,4649,6617,3859,3021,5236,7271,11898,7614,8366,5485,3668,1627,2136,2844,4123,3337,2305,3835,9868,669,2305,1351,1020,746,142,1692,2783,2822,1482,519,2484,3563.973684,Bacteroidetes
OTU_196812,32,51,27,14,15,35,13,21,35,36,41,50,80,22,16,2,3,17,4,12,13,19,8,0,6,0,3,0,0,10,2,4,2,1,2,2,4,6,15,10,15,11,16,9,29,13,26,5,6,21,17,16,9,8,1,1,4,5,4,6,4,7,4,3,3,3,2,9,6,6,2,4,5,5,5,14,40,37,14,4,9,9,3,6,0,2,0,2,4,1,5,1,8,2,0,0,0,3,0,3,1,2,4,9,12,10,11,8,15,7,4,8,17,12,10,13,7,7,7,2,5,1,0,3,7,7,22,6,0,54,100,478,300,377,644,287,565,186,180,184,18,39,207,137,170,182,5,80,46,86,85,89,182,14,51,46,109,47,81,72,107,93,76,77,102,152,122,195,149,154,61,64,67,118,108,28,70,214,50,33,151,0,0,0,102,63,336,258,296,58,51.11578947,Firmicutes
OTU_198909,60,637,297,158,237,224,205,203,276,144,141,409,118,328,145,26,93,53,285,142,160,23,5,23,15,0,28,0,194,32,12,29,38,60,49,31,26,127,78,108,58,79,131,67,94,43,6,76,41,49,26,221,78,136,63,28,21,82,59,61,65,43,130,50,147,93,78,166,121,97,62,19,19,24,8,14,58,57,16,16,38,58,70,51,0,73,4,21,72,9,27,23,57,14,0,0,0,4,12,28,22,26,247,272,178,108,97,290,301,84,81,31,26,207,142,105,93,31,6,5,18,50,28,17,27,65,836,2,0,0,0,0,0,0,0,0,0,0,0,0,0,0,0,0,0,0,48,0,0,0,0,0,0,0,0,0,0,0,0,0,0,0,0,0,0,0,0,0,0,0,0,0,0,0,0,0,0,0,0,0,0,114,181,46,0,0,0,0,0,2,64.56842105,Firmicutes
OTU_199065,866,1174,687,1033,176,687,368,379,2022,464,4103,5235,2951,3543,552,343,623,1327,959,2478,1052,1295,835,482,543,0,53,0,388,196,494,808,304,141,318,93,43,124,141,1317,2003,1840,1674,1253,1761,458,92,83,257,670,623,436,1489,209,4,32,425,66,180,230,362,197,151,94,213,424,476,277,389,698,382,118,221,92,157,226,198,279,260,104,455,694,58,828,0,72,7,62,312,5,9,65,613,94,0,0,0,71,28,131,68,37,297,368,2502,1506,1213,299,270,647,1090,1664,558,1394,39,242,1799,941,1050,400,244,330,729,2820,909,2706,1482,142,1,0,1,4,0,0,1,0,0,0,0,0,0,0,0,0,0,0,123,0,0,0,0,1,0,0,0,0,0,0,0,0,0,0,0,0,0,0,0,0,0,1,1,0,0,0,0,0,0,0,0,0,0,3022,3207,404,0,0,1,0,0,736,497.1210526,Firmicutes
OTU_203708,107,201,184,182,167,184,24,49,609,903,279,1315,536,3100,2710,345,29,15,5,32,38,7,0,0,3,0,42,0,13,22,30,19,32,18,87,87,218,643,224,44,72,31,55,25,47,26,53,11,1,2,4,5,0,0,0,0,1,1,12,21,18,26,31,45,106,378,514,180,192,465,169,293,674,930,128,171,58,362,100,51,140,253,52,230,0,64,41,57,279,22,33,82,219,108,0,0,0,28,26,148,112,186,352,382,1705,1117,2189,542,491,1290,1993,1563,488,1188,531,439,1066,756,785,584,841,807,873,2322,1491,1436,1,117,4,0,1,2,0,0,0,0,1,0,0,0,0,0,0,0,0,0,0,0,0,0,0,0,0,0,0,0,0,0,0,0,0,0,0,0,0,0,0,0,0,0,0,0,0,0,0,0,0,2,0,0,0,0,0,0,0,0,0,0,0,0,237.8947368,Firmicutes
OTU_203852,191,185,106,128,22,92,78,43,169,86,568,520,458,321,66,39,92,211,79,221,104,86,181,36,26,0,15,0,25,15,70,36,18,8,29,14,7,10,18,62,150,218,156,112,135,55,29,15,42,77,142,96,95,55,2,5,77,19,38,46,44,38,40,27,44,50,92,29,65,157,56,18,56,19,18,46,20,41,37,16,29,83,4,58,0,6,1,4,21,1,2,4,47,4,0,0,0,7,5,27,4,4,9,27,269,203,192,36,47,85,89,125,59,118,4,20,203,203,58,19,20,15,17,102,66,80,29,4,0,0,9,346,545,718,719,369,549,173,309,259,1253,1120,317,294,291,487,28,292,257,195,295,298,286,5,104,60,258,74,143,153,146,119,115,144,273,274,206,418,262,290,191,182,73,110,264,143,227,19,94,50,246,55,54,13,208,119,145,148,213,272,129.4789474,Firmicutes
OTU_204044,210,339,347,200,114,151,157,180,813,345,456,1381,564,773,252,56,190,171,320,481,383,364,139,82,38,0,36,0,70,30,59,106,54,39,63,22,22,82,78,299,157,133,268,232,114,146,58,145,87,155,123,286,238,162,38,35,98,61,65,38,69,43,59,40,84,130,129,115,112,236,103,70,65,57,73,47,131,237,45,21,95,132,46,177,0,94,12,29,163,10,9,62,132,76,0,0,0,13,14,62,23,37,108,209,344,225,485,163,162,216,219,329,156,333,197,133,170,94,198,88,95,125,90,285,133,192,108,19,0,0,0,0,0,0,0,0,0,0,0,0,0,0,0,0,0,1,144,0,1,0,0,0,0,0,0,0,0,0,0,1,0,0,0,0,0,0,0,0,0,1,1,0,0,0,0,0,1,0,0,1,1,79,64,17,0,0,0,0,0,0,107.0789474,Firmicutes
OTU_209196,199,235,600,174,149,121,266,286,661,1422,592,587,381,232,415,38,84,68,143,204,173,326,26,22,23,0,63,0,12,70,18,22,23,34,49,36,38,169,162,64,44,85,111,80,54,14,48,49,50,25,41,137,30,131,41,24,34,48,34,38,13,30,28,41,27,50,81,103,72,130,42,165,127,124,20,42,34,53,9,25,15,25,18,97,0,41,37,23,73,21,68,47,137,28,0,0,0,16,25,32,93,117,63,92,181,125,209,150,208,100,104,111,67,111,186,100,44,44,74,88,142,134,50,71,61,78,20,3,1,0,1,4,1,0,0,0,0,0,0,0,0,0,0,0,0,0,110,0,0,0,0,0,0,0,0,0,0,0,0,0,0,0,0,0,0,0,0,0,0,0,0,2,0,7,9,1,3,17,1,3,6,0,0,0,2,2,0,0,0,8,74.88421053,Firmicutes
OTU_212503,117,304,442,81,88,46,49,142,532,233,216,515,155,306,169,18,83,27,123,40,162,107,18,14,11,0,35,0,15,10,5,18,9,10,16,10,10,99,38,79,33,27,37,24,18,15,6,60,11,19,8,92,97,77,28,17,11,45,35,16,15,4,10,4,2,20,32,35,33,66,10,90,53,49,36,32,47,53,4,3,9,11,17,98,0,41,6,18,34,3,5,18,44,8,0,0,0,1,7,19,23,25,54,440,85,73,173,130,143,83,68,47,32,90,87,55,65,28,44,59,61,60,30,61,28,123,1069,4,0,34,26,80,22,4,0,1,6,3,4,0,0,0,1,8,26,6,86,0,12,1,2,1,67,0,2,1,5,3,8,6,5,4,4,11,9,9,17,4,1,8,3,10,4,3,0,9,2,0,0,4,1,62,153,35,2,4,7,1,0,5,52.61578947,Firmicutes
OTU_213747,9,261,137,77,56,107,52,67,115,97,63,853,85,530,468,94,280,450,362,826,904,78,6,119,43,0,35,0,210,103,71,94,72,57,65,28,55,188,126,421,379,485,263,187,308,311,57,280,427,367,410,614,472,347,8,68,27,65,49,95,118,99,81,73,182,173,222,154,136,227,276,108,77,42,29,11,146,284,145,37,65,209,60,47,0,33,8,48,107,1,4,37,40,118,0,0,0,5,7,41,10,15,156,196,195,46,174,199,274,209,150,123,5,15,2,10,15,6,5,5,1,1,2,5,0,1,2,9,0,0,0,1,0,0,0,0,1,0,0,0,0,0,0,0,0,0,350,0,0,0,0,0,0,0,0,0,0,0,1,0,0,0,0,0,0,0,0,0,0,0,0,1,0,0,0,0,0,0,0,0,0,2,4,0,0,1,0,0,0,1,97.50526316,Firmicutes
OTU_214503,141,286,388,109,170,73,56,143,300,192,84,309,71,148,177,12,47,15,74,27,92,96,2,22,11,0,15,0,21,16,4,27,45,20,44,16,23,149,29,128,13,34,109,89,14,5,0,96,37,44,29,114,89,103,48,13,9,53,55,43,44,72,31,18,22,44,58,88,49,108,79,140,52,71,51,6,43,87,10,12,9,19,27,159,0,37,11,20,49,8,43,28,51,59,0,0,0,3,11,14,51,53,54,215,80,62,210,321,486,144,99,86,118,149,212,109,49,11,52,44,69,88,53,150,43,127,294,4,0,0,0,1,0,0,0,0,0,0,0,0,0,0,0,0,0,0,138,0,0,0,0,0,0,0,1,0,0,0,0,0,0,0,0,0,0,0,0,0,0,0,0,0,0,0,0,0,0,0,0,0,0,41,55,28,0,0,0,0,0,0,52.15263158,Firmicutes
OTU_216862,418,288,157,287,94,303,226,184,616,489,399,151,181,309,234,137,64,145,71,191,137,206,255,17,20,0,9,0,14,53,33,21,14,10,22,20,6,18,15,45,158,216,79,58,122,2,82,20,29,31,97,55,37,65,3,8,45,26,82,54,44,54,27,46,27,45,66,20,15,66,13,24,45,32,9,83,10,59,24,20,33,41,14,21,0,8,4,8,45,3,9,18,133,10,0,0,0,16,10,19,29,10,13,31,138,236,167,52,207,32,37,50,129,115,96,34,66,97,32,18,29,15,12,91,87,47,4,10,1,0,0,0,0,0,0,0,0,0,0,0,0,0,0,0,0,0,60,0,0,0,0,0,0,0,0,0,0,0,0,0,0,0,0,0,0,0,0,0,0,0,0,0,0,0,0,0,0,0,0,9,181,0,0,0,94,13,16,111,125,47,56.78947368,Firmicutes
OTU_217075,259,305,149,106,291,162,174,428,880,1319,302,2232,1133,1149,1250,176,144,93,64,167,686,365,16,71,41,0,63,0,119,449,135,33,127,112,263,432,348,745,310,155,76,114,247,330,364,216,82,350,526,397,294,139,74,196,116,101,37,97,147,82,61,75,38,19,34,72,129,122,18,56,12,131,109,70,81,29,1225,1304,407,166,306,644,285,254,0,37,59,32,116,35,81,206,355,188,0,0,0,20,97,140,89,134,59,61,158,158,220,929,794,403,505,291,162,171,158,110,48,19,158,93,279,144,63,138,199,153,3,4,0,0,0,0,0,0,0,0,0,0,0,0,0,0,0,0,0,0,66,0,0,0,0,0,0,0,0,0,0,0,0,0,0,0,0,0,0,0,0,0,0,0,0,0,0,0,0,0,0,0,0,0,0,0,0,0,0,0,0,0,0,0,168.5263158,Firmicutes
OTU_219733,148,261,233,331,53,399,232,111,526,174,706,800,710,476,216,95,171,330,79,270,192,102,24,66,46,0,20,0,46,87,248,80,39,15,66,41,26,46,52,158,352,253,96,38,49,17,42,78,35,89,152,87,151,89,2,1,14,18,37,114,123,74,77,66,34,154,188,41,24,226,81,25,113,27,21,24,4,52,28,42,171,121,14,63,0,6,1,43,47,6,2,6,69,22,0,0,0,4,3,27,23,14,13,26,226,204,298,31,97,87,190,205,18,37,8,48,350,291,114,52,40,17,31,377,181,156,24,2,0,0,0,0,0,0,0,0,0,0,0,0,0,0,0,0,0,0,92,0,0,0,0,0,0,0,0,0,0,0,0,0,0,0,0,0,0,0,0,0,0,0,0,392,123,174,1036,713,731,1438,151,59,399,0,0,0,249,404,259,450,162,259,114.0473684,Firmicutes
OTU_223351,0,0,0,0,0,0,0,0,1,0,0,0,0,0,0,0,0,0,0,0,0,0,0,0,0,0,0,0,0,0,0,0,0,0,0,0,0,0,0,0,0,0,0,0,0,0,0,0,0,0,0,0,0,0,0,0,0,0,0,0,0,0,0,0,0,0,0,0,1,0,0,0,0,0,0,0,0,1,4,24,111,406,328,1055,0,4528,1321,493,739,161,401,403,991,127,0,0,1,24,46,91,163,161,92,114,107,42,47,496,984,120,111,32,176,181,268,231,132,74,86,103,137,45,15,91,117,381,11,23,1,0,0,2,0,0,0,0,0,0,0,0,0,0,0,0,0,0,0,0,0,0,0,0,0,0,0,0,0,0,0,0,0,0,0,0,0,0,0,0,0,0,0,0,0,0,0,0,0,0,0,0,0,0,0,0,0,0,0,0,0,0,83.15789474,Firmicutes
OTU_232142,251,1582,1355,827,281,659,434,790,3620,1880,486,736,130,2883,730,352,1528,1659,2115,1849,2084,1083,117,391,500,0,61,0,1141,195,349,437,244,304,561,98,92,268,367,2441,2212,1109,403,49,281,605,75,311,160,1256,946,464,970,774,35,84,229,89,424,614,597,290,225,178,422,681,865,826,1626,3665,1873,533,602,350,461,138,181,760,330,93,441,836,152,66,1,78,16,50,203,6,10,203,755,158,0,0,0,113,80,564,182,132,542,1324,3334,2365,2503,627,631,1261,1653,2910,792,1940,286,947,936,295,922,396,140,335,92,77,18,32,11,78,1,0,0,4,0,1,1,0,1,0,0,0,0,0,0,0,0,0,292,0,0,0,1,0,0,0,0,0,0,0,0,1,0,0,0,1,0,0,0,0,1,0,0,0,0,1,0,1,0,0,0,0,0,1130,1065,205,0,0,0,0,0,4,483.5210526,Firmicutes
OTU_234488,4,52,59,29,61,47,49,59,68,100,33,60,48,62,52,4,44,14,14,43,79,77,10,14,21,0,8,0,13,11,1,4,14,14,2,13,14,42,42,9,4,9,6,26,37,35,8,18,24,24,4,30,30,48,25,12,6,13,3,4,4,5,16,12,6,5,3,26,41,30,29,10,16,16,38,19,59,37,4,11,8,6,8,13,0,23,4,11,22,107,64,40,10,7,0,0,0,0,1,6,18,16,61,71,40,22,21,23,28,12,11,6,7,9,29,2,11,6,10,1,8,32,17,25,14,8,1,1,1,422,1222,324,487,273,247,205,401,146,249,55,20,66,121,55,163,121,36,149,156,151,82,22,63,65,19,123,44,13,66,64,147,77,34,95,89,183,160,110,97,44,40,30,70,76,39,22,53,111,9,40,22,4,3,0,20,49,14,8,4,31,53.65789474,Bacteroidetes
OTU_249271,35,116,72,38,45,44,35,32,35,49,18,69,88,50,64,11,20,23,10,27,14,42,51,1,3,0,9,0,8,12,12,4,5,7,3,9,3,8,5,11,11,16,15,18,17,12,20,14,7,10,28,20,5,2,5,0,12,1,2,3,7,8,16,15,3,2,4,23,12,15,9,3,5,4,7,44,14,19,15,4,3,12,2,4,0,6,4,2,8,5,7,1,11,2,0,0,0,1,0,0,7,2,6,16,12,14,7,16,17,7,4,12,11,10,8,23,9,9,4,6,8,6,0,9,5,5,5,3,0,2,28,30,78,122,280,175,378,205,300,132,238,173,107,117,295,264,1,314,183,162,231,242,104,22,69,91,252,56,177,166,138,70,83,117,125,103,92,492,285,256,140,163,182,305,294,92,142,655,200,62,146,13,9,5,106,44,206,501,110,186,64,Firmicutes
OTU_259569,4665,6089,9826,6864,8349,8009,6753,7677,12514,19973,5308,12468,9186,9095,16572,1603,1633,1558,1712,3235,3652,8221,1754,440,343,0,1913,0,899,6346,1017,516,851,969,1007,2679,1777,2711,4396,2114,2111,2256,2088,2457,2490,1623,4824,1734,1912,1874,3284,2234,920,2286,1185,861,745,1026,1466,2208,827,1576,771,1416,1060,703,929,2237,1796,2729,1422,1840,2574,1793,4885,7637,5532,6586,3177,1687,2115,1680,1698,1914,0,846,1928,888,2579,1526,1548,873,2947,1109,3,1,1,232,446,787,3088,3068,2288,3558,3230,3257,2801,3847,5740,1325,1381,1942,3531,3446,3902,2837,1857,2332,1699,1240,4085,1503,611,1586,1176,1305,335,126,1,1,0,2,0,0,0,0,0,0,0,0,0,0,0,0,0,0,1588,0,0,0,0,0,0,0,0,0,0,0,0,0,0,0,0,0,0,0,0,0,0,0,0,0,0,0,0,0,0,1,0,0,0,35,52,17,0,0,0,0,0,0,1986.152632,Bacteroidetes
OTU_266274,578,1579,1221,816,515,630,985,487,287,271,96,413,284,139,361,80,290,280,151,241,165,690,795,91,51,0,30,0,15,123,91,62,18,15,15,70,47,125,133,192,385,173,64,66,275,59,445,187,186,152,276,335,71,119,45,48,83,36,24,84,35,31,64,165,84,35,53,124,171,260,103,156,213,101,117,317,91,241,130,74,25,120,104,75,0,70,137,142,126,66,109,71,379,111,0,0,0,52,59,144,249,364,174,404,517,651,348,176,367,93,96,147,472,342,276,552,580,453,74,73,292,44,21,66,71,34,17,23,0,0,0,1,0,0,0,0,0,0,0,0,0,0,0,0,0,0,144,0,0,0,0,0,0,0,0,0,0,0,0,0,0,0,0,0,0,1,0,0,0,0,0,0,0,0,0,1,0,2,0,17,481,4,11,1,103,22,9,28,72,1,146.1789474,Firmicutes
OTU_268332,684,2765,5263,2676,4078,2787,6676,3559,4447,6041,4510,2625,3415,5379,8179,904,2856,938,2008,1738,5280,2963,298,486,536,0,776,0,1496,1353,215,231,520,408,212,452,965,2014,1634,684,520,382,760,536,895,1522,833,511,470,445,203,1459,1052,1038,852,385,489,577,295,294,637,598,459,586,679,623,352,1049,1315,1305,603,453,547,548,2362,761,2248,1141,789,1076,537,485,1082,430,0,1651,152,866,1110,1877,1919,2507,1738,223,0,0,0,77,1170,1450,3054,2722,4148,4242,2570,2530,1258,2671,3311,1049,905,955,1149,1511,4023,891,731,726,1475,800,1699,2020,899,1033,1043,769,2144,65,6,5,7,20,56,187,469,1301,2811,1737,1356,491,167,64,249,1160,1289,577,1010,759,791,724,894,569,1260,1145,224,452,449,191,598,467,677,848,401,968,1013,944,1150,472,578,842,813,1179,1436,1305,1046,1010,1236,1282,224,1191,640,242,390,62,936,1552,859,431,22,144,1246.026316,Bacteroidetes
OTU_296695,219,194,184,163,54,173,97,92,243,208,639,1332,578,628,167,61,3,1,12,61,50,204,251,33,25,0,11,0,35,29,112,62,19,11,41,14,9,21,21,66,165,167,281,285,319,77,30,31,83,228,435,118,145,28,7,3,71,18,31,41,30,32,38,42,40,71,54,50,51,98,49,16,32,9,13,73,59,82,30,22,76,120,8,95,0,19,8,4,32,1,6,12,79,13,0,0,0,2,5,22,12,9,18,29,179,192,164,35,71,59,75,119,68,130,12,24,200,188,88,28,21,21,28,101,49,63,10,23,0,0,0,0,0,0,0,0,0,0,0,0,0,0,0,0,0,0,27,0,0,0,0,0,0,0,0,0,0,0,0,0,0,0,0,0,0,0,0,0,0,0,0,0,0,0,0,0,0,1,0,0,0,0,0,0,0,0,0,0,0,0,63.80526316,Firmicutes
OTU_296918,780,753,583,336,518,391,471,434,748,825,333,995,979,452,573,104,83,89,67,261,196,454,533,43,31,0,108,0,40,105,78,45,35,49,19,31,19,76,177,368,279,160,99,144,139,219,535,312,133,115,181,157,106,183,60,32,49,34,20,49,28,40,47,83,38,29,32,96,64,104,53,73,70,69,73,683,246,533,130,40,56,87,82,104,0,73,40,65,136,77,81,42,164,77,0,0,0,5,13,27,79,83,92,81,174,153,199,117,153,36,46,131,96,161,113,103,132,149,82,59,102,86,39,162,90,61,32,8,0,0,0,0,0,0,0,0,0,0,0,0,0,0,0,0,0,0,120,0,0,0,0,0,0,0,0,0,0,0,0,0,0,0,0,0,0,0,0,0,0,0,0,0,0,0,0,0,0,0,0,0,0,0,0,0,0,0,0,0,0,65,115.0105263,Firmicutes
OTU_302160,130,207,187,217,113,384,216,203,580,619,528,311,685,425,444,112,144,228,157,289,279,588,142,34,59,0,37,0,79,77,74,38,37,30,37,51,75,108,77,107,215,160,68,77,138,108,245,42,36,49,31,186,44,67,9,13,61,23,29,112,53,86,36,44,27,54,47,32,155,230,68,58,106,24,18,84,45,67,37,28,30,111,26,13,0,37,2,64,95,22,50,60,237,21,1,0,0,17,19,91,120,34,13,48,177,437,161,131,333,109,84,175,222,183,225,259,145,145,112,34,103,73,28,71,67,25,3,2,0,0,0,0,0,0,0,0,0,0,0,0,0,0,0,0,0,0,51,0,0,0,0,0,0,0,0,0,0,0,0,0,0,0,0,0,0,0,0,0,1,0,0,0,0,0,1,0,0,15,0,1,4,0,0,0,0,0,0,3,0,0,82.16315789,Firmicutes
OTU_313672,268,2408,793,448,476,583,355,631,606,587,277,1449,230,680,273,55,139,91,392,316,401,49,5,44,15,0,73,0,298,83,16,102,103,220,217,104,79,249,215,351,142,287,447,144,205,94,13,350,137,134,199,523,163,248,80,38,35,175,267,183,108,108,315,135,273,187,261,505,208,241,181,61,46,41,21,33,156,228,49,57,92,158,125,222,0,247,78,46,346,34,87,73,208,76,0,0,0,9,30,65,54,59,763,532,492,298,302,552,918,218,225,126,85,637,336,253,244,81,9,22,41,87,37,52,47,202,2756,6,0,0,0,0,0,0,0,0,0,0,0,0,0,0,0,0,0,0,101,0,0,0,0,0,0,0,0,0,0,0,0,0,0,0,0,0,0,0,0,0,1,0,0,0,0,0,0,0,0,0,0,0,0,284,284,85,0,0,0,0,0,0,172.8631579,Firmicutes
OTU_316732,126,1584,1231,655,2118,943,496,1544,931,1935,358,1088,264,601,301,62,101,42,262,216,360,48,0,48,22,0,129,0,272,116,40,28,38,69,87,89,162,350,119,251,128,170,456,77,125,81,46,494,166,109,131,565,210,707,516,91,29,341,212,175,163,84,303,97,100,72,49,90,60,122,134,322,85,239,63,179,131,259,49,112,58,220,264,422,0,260,95,55,254,28,136,263,314,332,0,0,0,10,40,71,175,231,1424,1075,406,350,1032,2094,1094,395,378,304,178,301,493,349,143,33,78,81,288,694,204,144,88,175,142,33,0,0,0,3,0,0,0,0,0,0,0,0,0,0,0,0,0,0,305,0,0,0,0,0,0,0,0,0,0,0,0,0,0,0,0,0,0,0,0,0,0,0,0,0,0,0,0,0,0,0,0,0,0,0,0,0,0,0,0,0,0,141,212.0052632,Firmicutes
OTU_318833,21202,35059,59741,40478,53919,34445,59514,63406,81560,116434,52066,97856,75890,80289,106493,11032,24596,15596,25631,21746,46531,25776,1910,5638,5012,0,10500,1,18102,12447,2602,5588,8378,9022,7362,10688,12862,28211,26751,21897,10363,8322,17672,16554,12865,17771,9595,16586,12629,14547,15382,26654,15226,19132,14018,6091,6986,10994,10548,8009,10252,12155,7697,6358,7605,7794,8929,19035,24078,31738,20601,23223,21083,21065,36818,15343,21222,20306,9307,10899,11554,6560,15331,19208,2,21247,8376,8486,15557,21921,29079,28291,24567,6556,9,0,15,1032,12526,15625,39634,40691,55194,45325,26697,25173,22363,40465,50808,16194,15230,17369,18779,21168,38289,20679,11361,8318,14115,10224,18048,16396,6451,11768,10110,14563,16926,1970,17,1,6,51,122,840,1491,3914,12225,7035,4306,8148,2239,566,1720,7628,11505,8088,13128,9431,7744,19146,25150,20655,25839,14356,7475,9286,16657,4175,17001,10930,6758,11229,8690,17782,19971,13907,13281,7798,10249,13066,11069,15689,10105,16142,13300,16718,20071,18576,2959,14116,8246,0,0,0,21511,25529,9249,4512,494,4128,18041.85789,Bacteroidetes
OTU_322235,1909,4378,4700,2848,3284,3078,2906,2866,3087,5380,2019,5024,3005,3049,4130,380,964,788,627,1315,2309,2472,292,390,406,0,957,0,615,1598,482,388,391,727,591,1243,988,1487,1561,1606,1348,1613,1463,1944,1820,908,1263,1414,1257,1478,2062,1321,1140,1618,573,385,465,702,609,689,475,887,617,635,515,297,417,1018,823,1259,599,550,531,540,678,2144,1481,2144,1045,630,446,501,595,812,0,269,465,220,475,378,682,620,1423,401,0,0,0,55,165,176,495,669,1185,2010,1445,1007,817,642,1004,267,245,382,387,769,883,626,401,336,243,275,671,244,101,129,139,104,69,62,1,0,0,6,60,237,335,192,351,50,276,134,40,27,371,406,117,392,931,608,453,757,324,121,375,245,275,341,725,320,1198,713,489,638,416,676,1230,1821,917,1288,920,1461,500,423,164,432,736,512,861,5085,361,536,1191,797,468,98,616,963,2221,2524,915,852,944.1,Bacteroidetes
OTU_326792,3951,7313,5363,6981,2180,6205,3467,5070,26413,12612,16399,22697,15923,15764,4882,1610,2108,3961,5060,8091,6651,6797,1669,1703,1676,1,378,0,2618,1145,1577,1655,1049,1329,1474,796,607,1477,2497,4836,5797,5649,5444,6080,4312,1441,1204,2011,3156,3985,5968,8882,7002,3926,572,655,2737,1831,2914,2494,2718,1701,1609,898,1778,2798,2731,4534,6466,7923,5157,3278,4187,1515,2438,2127,3057,5432,2101,1026,3774,2649,632,3322,0,566,57,90,1456,52,106,1029,4572,856,2,0,1,312,405,2173,722,460,2942,4028,8748,6208,5042,2102,5073,3050,3011,3697,3915,4808,1948,2201,3606,3597,4661,2184,2261,3100,2102,5888,3434,3633,8367,579,8235,6475,13633,11655,23237,27175,18992,8221,9592,8301,3901,1102,30,4328,11300,17260,23543,15427,4369,19244,17253,22291,13773,6526,13374,1011,3021,683,4113,3563,10877,7068,5613,13129,6897,8716,14393,25344,16167,10560,10846,9560,5730,7356,9708,10891,16625,11962,11080,1924,1592,7786,5060,1287,876,161,12156,19461,24518,7178,653,12766,5834.252632,Firmicutes
OTU_337270,53,192,122,158,31,144,118,101,675,241,570,414,575,414,106,52,146,148,258,254,354,227,45,48,60,0,5,0,121,37,60,25,32,18,39,14,10,42,42,99,158,128,100,106,149,66,44,19,39,91,55,161,176,52,4,6,59,28,36,42,76,44,35,27,64,83,47,82,197,203,164,52,70,12,30,28,63,89,40,32,98,82,18,52,0,21,0,4,23,0,3,39,125,19,0,0,0,5,4,86,16,4,74,154,346,261,132,82,142,86,84,147,95,133,63,53,130,112,185,50,43,96,51,160,65,75,98,10,104,88,246,111,301,280,442,396,285,188,103,23,2,152,138,250,434,354,91,262,257,278,174,78,200,20,36,18,69,74,135,145,147,318,107,187,277,461,354,228,216,231,233,264,299,168,487,405,455,97,47,164,239,32,34,5,276,341,381,207,24,220,132.4789474,Firmicutes
OTU_348374,264,851,1001,528,726,563,561,699,1040,1212,514,626,443,687,804,80,315,167,138,270,314,515,103,69,92,0,199,0,131,282,64,55,55,91,64,130,112,170,271,153,136,242,166,221,265,218,221,194,184,166,159,337,239,344,72,56,96,126,104,76,80,152,124,134,103,97,121,298,230,295,104,139,155,105,228,636,373,400,167,77,37,44,67,99,0,73,121,71,148,163,188,125,185,67,0,0,0,9,56,51,149,183,287,390,255,175,242,184,309,96,109,82,135,205,273,144,100,155,114,92,238,165,148,177,100,107,77,59,16,1056,3453,1836,2084,1623,1085,1050,3445,1093,1626,556,189,331,1200,660,644,593,224,736,779,1404,516,287,1066,673,327,606,465,213,954,547,572,513,378,688,875,1254,827,1211,915,1583,772,555,499,818,592,517,928,1174,278,550,466,61,51,3,617,861,494,155,112,404,412.1736842,Bacteroidetes
OTU_349216,4260,9753,10798,6349,7740,6941,6860,6616,7363,12796,4822,12134,6583,7397,10044,895,2425,1953,1598,3164,5229,5718,732,1020,1106,0,2551,0,1871,4627,1454,1008,1089,2040,1665,3333,2955,4048,4486,4734,3530,4475,3830,5131,4880,2572,3285,3915,3555,3985,5761,3842,3266,4307,1672,1008,1416,1970,1661,1893,1339,2445,1690,1876,1408,848,1152,3061,2252,3539,1580,1585,1442,1518,1966,5540,3997,5673,2843,1598,1187,1384,1625,2172,0,814,1286,606,1407,1085,1859,1708,3653,1212,0,0,0,137,517,516,1335,1811,2975,5576,3660,2775,2312,1675,2852,693,625,1106,1097,2049,2379,1865,1162,863,672,878,1984,717,256,387,391,322,245,208,0,1,1,16,175,607,1016,484,916,134,690,399,118,79,1051,992,327,892,2618,1558,1046,2081,819,331,957,615,771,973,2000,917,3498,2080,1343,1685,1112,1835,3203,4747,2487,3609,2685,4127,1345,1214,371,1306,2045,1353,2285,14818,1014,1671,3262,3,0,1,1718,2704,5967,7005,2289,2404,2448.794737,Bacteroidetes
OTU_353577,6,55,23,10,29,53,36,37,66,63,62,28,38,61,87,10,41,42,41,42,42,16,13,8,16,0,10,0,34,57,34,6,4,7,16,13,8,38,12,23,38,73,40,27,15,74,11,5,4,15,14,10,22,3,3,5,8,2,3,15,18,29,15,10,20,22,12,9,20,23,14,6,22,3,7,8,48,41,65,4,9,27,6,12,0,1,0,2,6,0,0,11,40,12,0,0,0,7,9,24,12,3,98,114,264,155,100,216,196,54,40,90,139,118,36,72,55,57,58,17,32,42,45,64,45,54,8,0,0,0,12,71,137,132,430,532,585,225,375,71,159,161,109,121,255,463,19,158,70,31,29,28,341,3,105,25,106,35,119,228,174,331,112,142,394,285,295,152,214,230,192,375,50,14,140,99,180,8,41,7,90,45,56,7,109,54,44,66,113,54,71.2,Firmicutes
OTU_355533,261,322,341,408,359,655,527,595,824,707,850,614,1337,821,727,160,151,248,207,404,334,663,310,45,90,0,134,0,88,154,136,71,57,27,42,35,124,274,158,161,288,263,161,172,295,174,286,66,71,69,58,316,119,217,72,60,144,66,48,126,116,102,75,84,62,89,88,70,148,167,50,73,110,95,36,147,106,86,72,51,49,134,87,37,0,84,5,95,140,25,49,70,240,45,0,0,0,41,42,82,119,45,52,53,201,418,193,296,421,137,109,214,259,228,454,316,276,263,160,62,189,145,79,194,175,80,12,8,0,0,0,0,0,0,0,0,0,0,0,0,0,0,0,0,0,0,110,0,0,0,0,0,0,0,0,0,0,1,0,0,0,0,0,0,1,0,2,4,2,1,0,0,0,0,7,0,1,22,0,0,2,0,0,0,3,0,2,4,9,0,130.9105263,Firmicutes
OTU_356051,77,232,440,223,326,291,561,371,516,508,355,185,250,414,770,77,236,87,170,148,394,296,40,48,68,0,63,0,202,137,29,24,64,48,16,59,121,195,188,68,65,43,77,57,101,141,104,50,41,49,21,175,123,104,106,34,49,68,23,27,76,62,40,64,63,65,44,96,137,127,62,59,81,58,247,75,326,133,73,102,41,54,116,42,0,146,13,96,110,219,210,358,204,16,0,0,0,7,114,125,311,286,518,480,258,272,144,266,348,128,113,102,128,150,336,112,85,76,159,71,168,215,85,117,113,95,232,14,85,35,50,77,65,61,111,193,419,221,209,50,29,7,50,176,162,61,122,92,106,78,120,57,157,153,35,65,59,25,92,66,99,111,48,120,126,125,146,58,83,116,81,162,175,173,131,109,158,151,26,153,75,144,324,64,79,178,122,57,6,21,135.3,Bacteroidetes
OTU_379056,466,960,958,1141,1064,2859,832,567,726,1658,1291,1305,1159,2002,2034,232,110,429,348,612,236,384,25,19,6,0,48,0,25,106,252,468,148,37,27,58,61,121,259,151,295,208,78,69,126,95,423,161,123,245,491,98,7,0,0,0,0,0,0,0,0,0,0,0,0,0,0,0,0,0,0,0,0,0,0,0,0,0,0,0,0,0,0,0,0,0,0,0,0,0,0,0,0,0,0,0,0,0,0,0,0,0,0,0,0,0,0,0,0,0,0,0,0,0,0,0,0,0,0,0,0,0,0,0,0,0,0,0,0,0,0,0,0,0,0,0,0,0,0,0,0,0,0,0,0,0,0,0,0,0,0,0,0,0,0,0,0,0,0,0,0,0,0,0,0,0,0,0,0,0,0,0,0,0,0,0,0,0,0,0,0,0,0,0,0,0,0,0,0,0,134.7526316,Tenericutes
OTU_388731,1,0,0,3,150,480,430,1963,5717,24093,5378,3942,1270,4799,1308,260,2402,3056,422,9,8,39,0,3,508,0,561,0,294,338,179,0,13,392,442,243,298,1332,541,499,1913,1743,946,105,538,523,409,1263,365,1040,1663,150,12,32,39,38,1381,314,946,677,564,466,229,143,169,651,792,415,1621,2092,2148,364,424,420,1747,249,51,521,138,22,1,97,114,164,0,1,0,0,0,0,2,0,3,0,0,0,0,0,0,0,3,7,0,0,1,2,1,2,1,1,0,0,2,2,0,1,2,2,1,0,1,0,0,2,0,2,0,1,0,0,0,0,0,0,0,0,0,0,0,0,0,0,0,0,0,0,0,0,0,0,0,0,0,0,0,0,0,0,0,0,0,0,0,0,0,0,0,0,0,0,0,0,0,0,0,0,0,0,0,0,0,0,0,0,0,0,0,0,5,0,469.0368421,Firmicutes
OTU_469858,1,0,0,1,0,0,2,1,0,2,0,0,1,1,2,0,1,0,0,0,0,1,0,0,0,0,0,0,0,0,0,0,0,0,0,0,0,0,0,0,0,0,0,0,0,0,0,0,0,0,0,0,0,0,0,0,0,0,0,0,0,0,0,0,0,0,0,0,0,0,0,0,0,0,0,0,0,0,0,0,0,0,0,0,0,0,0,0,0,0,0,0,0,0,0,0,0,0,0,0,0,0,0,0,0,0,0,0,0,0,0,0,0,0,0,0,0,0,0,0,0,0,0,0,0,0,0,42,1,0,0,0,0,0,0,1,0,0,0,0,0,0,0,0,0,1,0,0,0,1,1,0,1,0,0,0,0,0,0,0,0,0,0,0,0,1,0,0,0,0,0,0,0,0,0,0,0,1,0,0,0,3867,2945,262,0,0,0,1,6506,3343,89.40526316,Actinobacteria (phylum)
OTU_469890,7641,9900,15981,13189,26390,9455,9176,21575,23415,6787,2096,589,379,19129,6594,1831,4234,835,7775,522,193,885,0,9,118,0,2811,0,2087,739,368,18,14,335,156,18,8,1106,3350,4070,1691,1600,425,61,23,36,232,318,130,2097,2120,278,1158,18301,3608,4455,3337,4915,3135,1344,3402,1342,1138,2725,2522,2934,2807,1869,747,1064,993,4289,1377,12191,4129,4900,2235,5793,1465,775,463,956,5741,330,1,1,0,4,1,2,1,0,0,0,0,0,0,0,0,0,0,0,0,0,0,1,0,4,3,0,0,0,0,0,2,0,2,0,0,0,2,1,0,1,1,0,0,3,0,0,0,0,0,0,0,0,0,0,0,0,0,0,0,0,0,0,1112,0,0,0,1,0,0,0,0,0,0,0,0,0,0,0,0,0,0,0,0,0,0,0,0,0,1,0,0,0,0,0,0,0,0,0,0,0,0,0,0,0,0,0,1686.173684,Firmicutes
OTU_469991,20,68,34,24,8,34,25,5,40,20,26,37,55,42,10,3,8,12,11,19,21,17,17,6,8,0,4,0,3,2,5,6,3,1,5,1,0,3,10,16,19,12,16,15,22,3,10,11,10,11,13,6,14,4,1,0,7,1,6,6,2,3,2,6,4,4,12,9,10,2,6,1,5,0,1,9,6,20,3,1,6,7,0,8,0,3,0,0,5,0,0,2,5,2,0,0,0,1,0,2,3,0,2,5,18,21,23,9,22,9,5,17,13,25,10,10,31,16,2,6,9,1,0,8,1,11,4,57,8,147,878,3030,4238,3348,5726,2759,4804,1801,2534,709,75,161,618,484,2851,3239,9,2366,1581,1584,1711,1510,2876,151,695,425,1429,535,1072,1302,1180,727,653,746,994,1572,1200,1663,1156,1900,893,717,482,975,1530,742,1437,818,871,250,932,18,24,2,748,723,843,952,832,177,430.0736842,Firmicutes
OTU_470139,0,0,0,0,0,0,0,0,0,0,0,0,1,0,0,0,0,0,0,0,0,0,0,0,0,0,0,0,0,0,0,0,0,1,0,0,0,0,0,0,0,0,0,0,0,0,0,0,0,0,0,0,0,0,0,0,0,0,0,0,0,0,0,0,0,0,0,0,0,0,0,0,0,0,0,0,0,0,1,0,0,0,0,0,0,0,0,0,0,0,0,0,0,0,0,0,0,0,0,0,0,0,0,0,0,0,0,0,0,0,0,0,0,0,0,0,0,0,0,0,0,0,0,0,0,0,17,8,16,0,10,69,136,748,1233,781,1212,136,464,1110,6047,7455,786,74,162,236,0,52,43,188,213,189,136,3,36,7,88,54,177,129,126,80,81,35,48,72,32,66,36,115,39,37,12,52,76,37,166,21,14,16,25,3,5,0,69,52,5,7,9,7,122.9526316,Tenericutes
OTU_470172,1363,4155,3255,2478,1130,3545,1180,3300,5113,4197,7783,6243,2420,5651,2238,1022,1918,6023,3292,8198,5473,1849,117,917,735,0,261,0,1317,638,1486,1457,1117,621,1399,329,163,488,807,2639,3149,4740,2910,1962,1019,3263,362,1232,2528,3048,4081,783,2713,2384,83,196,811,332,988,911,1467,1113,811,658,1537,2256,2027,563,574,2230,1240,457,728,302,148,765,1408,1779,1243,444,1365,2031,278,681,0,137,16,123,675,1,35,410,2777,711,1,0,0,94,110,783,95,69,786,1138,6398,5769,4682,1403,2450,1858,2784,5165,2893,4877,214,976,3279,1921,2073,1144,697,809,669,3108,2472,1756,90,288,4,1,0,5,0,2,1,0,1,0,0,0,0,0,0,0,3,0,861,0,0,0,0,0,0,0,0,0,0,0,0,0,0,0,0,0,0,0,0,0,0,0,0,0,0,0,0,0,0,1,0,0,0,0,0,0,0,0,0,0,0,0,1192.273684,Firmicutes
OTU_516022,1287,955,750,1108,182,971,331,384,1732,627,2061,3741,2181,2577,569,182,228,1216,343,1605,525,773,358,286,145,0,8,0,174,82,363,277,98,75,184,38,12,54,144,672,1356,3483,1852,1372,1516,448,175,129,327,1344,1591,715,2764,542,27,49,486,66,199,379,513,256,175,95,151,403,315,171,253,436,302,57,138,65,60,177,161,349,244,83,194,212,35,508,0,13,12,14,105,2,6,6,208,51,0,0,0,23,4,46,7,12,60,166,898,857,763,95,149,188,538,774,161,1065,37,101,1096,642,294,111,105,161,327,842,247,862,1288,375,754,28,153,1042,1046,171,51,18,5,12,42,33,41,0,0,46,410,511,261,436,345,34,122,74,906,1,566,25,196,103,908,848,398,1440,952,759,850,1350,902,1808,734,1389,408,1463,600,1025,2134,1020,886,126,1143,804,4176,2568,1633,499,1690,1128,666,929,3043,2375,590.8842105,Tenericutes
OTU_539014,127,2834,1678,819,1262,619,360,1060,1797,1717,127,2516,139,64,136,10,251,318,306,206,738,147,5,180,67,0,13,0,225,41,18,32,94,33,28,194,93,124,64,161,54,42,59,45,204,88,9,392,316,143,81,415,79,227,82,3,0,27,36,113,89,41,183,136,237,168,127,209,159,381,223,750,11,144,86,25,6,36,6,16,18,86,53,48,0,231,93,17,98,11,47,33,17,78,0,0,0,1,11,17,34,40,984,963,146,44,666,1116,222,378,260,158,5,337,586,373,70,5,136,487,385,298,118,216,192,344,99,9,1,0,0,0,0,0,0,0,0,0,0,0,0,0,0,0,0,0,35,0,0,0,0,0,0,0,0,0,0,0,0,0,0,0,0,0,0,0,0,1,0,0,0,0,0,0,0,0,0,0,0,0,0,0,0,0,0,0,0,0,0,0,176.9368421,Firmicutes
OTU_561219,215,501,429,326,105,175,255,118,138,90,22,605,145,150,77,44,168,190,158,269,389,313,3,91,34,0,1,0,45,15,46,86,87,13,17,5,5,6,13,33,92,73,23,39,102,69,19,42,98,190,237,214,139,165,9,13,17,1,4,7,7,10,15,26,38,74,47,43,207,359,85,35,36,56,54,20,79,73,5,4,12,26,4,8,0,5,0,0,26,3,1,43,112,127,0,0,0,3,3,14,8,1,26,70,193,69,243,18,15,72,138,83,70,213,25,43,99,83,18,1,1,15,18,45,48,26,1,9,2,0,0,0,0,0,0,0,0,0,0,0,0,0,0,0,0,0,59,0,0,0,0,0,0,0,0,0,0,0,0,0,0,0,0,0,0,0,0,0,0,0,0,0,0,0,1,0,0,0,0,0,0,0,0,0,0,0,0,0,0,0,54.25263158,Firmicutes
OTU_561987,367,102,55,158,54,213,109,80,465,180,502,92,422,465,144,385,27,240,92,251,101,227,55,26,68,0,172,0,95,156,252,142,86,33,115,82,65,85,269,98,465,904,417,491,869,63,620,22,112,333,784,53,208,219,11,38,265,77,212,82,291,228,158,171,108,97,116,44,3,3,1,3,2,0,0,16,7,5,1,2,5,2,0,5,0,0,0,0,4,1,0,0,5,0,0,0,0,1,0,0,0,3,0,2,10,10,8,6,4,1,0,2,1,4,2,3,17,21,4,4,5,1,2,1,2,1,0,0,0,0,0,0,0,0,0,0,0,0,0,0,0,0,1,4,0,0,244,5,4,4,5,5,13,0,1,0,8,1,0,0,0,0,0,2,7,10,1,8,18,12,6,2,2,1,9,3,5,21,2,1,16,0,0,0,19,0,0,1,1,0,76.89473684,Verrucomicrobia
OTU_567197,17,106,96,39,69,53,86,74,102,149,72,122,72,81,92,9,66,31,27,48,141,92,12,34,42,0,24,0,19,26,15,13,20,29,13,44,63,118,71,33,22,49,43,93,75,69,22,54,64,52,17,42,45,78,31,20,10,29,8,9,19,13,12,17,21,12,2,29,33,28,19,17,13,16,41,33,96,72,7,52,26,11,39,27,0,39,6,26,54,84,81,56,32,7,0,0,0,2,7,6,26,45,94,158,87,47,21,39,37,6,6,13,14,21,42,24,11,16,13,5,26,21,15,10,5,3,1,2,0,0,0,1,23,54,95,63,36,12,59,15,4,10,35,50,44,72,54,114,60,108,29,7,22,43,20,46,49,37,91,71,82,66,25,58,84,223,125,141,73,82,35,35,19,37,114,109,235,1493,38,92,159,1,0,0,29,90,122,136,27,49,52.72631579,Bacteroidetes
OTU_577170,346,1279,1711,834,1272,1002,1511,1386,2465,2393,1276,602,660,1511,2453,269,878,364,367,559,1265,1359,236,191,232,0,269,0,314,499,113,64,160,164,83,217,291,667,632,222,225,265,238,250,359,373,481,192,241,221,111,394,352,544,269,146,186,266,134,102,153,153,115,229,184,168,106,329,353,337,125,143,176,142,495,435,1374,919,451,419,193,259,355,166,0,343,72,262,380,552,528,615,558,67,1,0,0,25,150,209,522,545,808,967,663,634,505,698,1035,336,296,237,346,426,776,307,238,289,460,264,576,517,457,435,361,246,667,60,2762,6247,8574,4729,4906,2559,3254,2849,5297,3021,4038,450,201,310,1248,1326,2599,1089,422,1465,1234,1023,1037,596,1379,1114,267,486,304,202,719,532,1013,648,310,937,849,1189,1004,908,710,1540,765,1028,1483,1690,1173,861,1194,1777,276,974,505,267,678,114,602,1087,840,533,84,197,800.8,Bacteroidetes
OTU_592015,49,410,368,147,525,240,180,559,642,740,160,1932,332,556,386,51,181,57,179,109,162,16,0,11,3,1,45,0,239,31,23,27,49,55,54,128,84,361,122,223,67,65,357,64,80,62,14,259,54,49,57,138,56,216,66,8,10,63,44,33,50,30,58,38,42,55,65,125,34,67,77,217,68,154,41,9,21,63,14,19,28,54,67,126,0,95,46,22,85,14,39,72,73,22,0,0,0,5,8,14,72,94,716,375,251,135,482,344,653,295,206,120,18,98,51,175,62,37,121,174,259,266,54,25,23,32,10,14,0,0,0,0,0,0,0,0,0,0,0,0,0,0,0,0,0,0,50,0,0,0,0,0,0,0,0,0,0,0,0,0,0,0,0,0,0,0,0,0,0,0,0,0,0,0,0,0,0,0,0,0,0,0,0,0,0,0,0,0,0,0,96.98947368,Firmicutes
OTU_593352,285,406,271,189,58,244,227,228,272,373,831,1899,998,1271,549,315,372,842,492,1672,434,762,613,113,59,0,9,0,69,46,206,171,93,78,90,46,15,20,177,379,669,419,284,300,215,135,87,37,117,424,780,150,281,156,5,15,177,27,65,236,255,119,252,192,252,170,219,135,386,583,238,42,88,39,66,161,208,300,401,102,264,420,42,98,0,21,6,35,215,2,7,33,403,47,0,0,1,30,9,98,8,11,131,171,893,501,613,205,350,222,273,415,343,671,3,133,902,559,491,266,151,101,81,274,251,135,8,9,0,0,0,1,0,0,0,0,0,0,0,0,0,0,0,0,0,0,39,0,0,0,0,0,0,0,0,0,0,0,0,0,0,0,0,0,0,0,0,0,0,0,0,0,0,0,0,0,0,0,0,0,0,0,0,0,0,0,0,0,0,0,178.4368421,Actinobacteria (phylum)
collection-day,0,1,2,3,4,5,6,7,8,9,10,11,12,13,14,15,16,17,18,20,21,22,23,24,25,26,27,28,30,31,32,33,34,35,36,37,38,39,40,41,42,43,44,45,46,47,48,49,50,51,52,53,54,56,57,58,59,60,61,62,63,64,65,66,67,68,69,70,71,72,73,75,76,77,78,89,92,93,94,95,96,97,98,99,100,101,102,103,104,105,106,108,109,110,111,112,113,114,115,116,118,119,120,121,122,123,125,127,128,129,130,131,136,137,138,139,140,141,142,143,144,147,148,149,150,151,153,155,156,157,158,159,160,161,162,163,164,165,166,167,168,169,171,172,175,176,177,178,179,182,183,184,185,186,189,190,191,192,193,194,195,196,197,198,199,200,201,203,204,205,206,208,210,211,212,213,214,215,217,225,228,229,230,231,232,233,241,242,252,318,0,#N/A
NUTRITION_CALCIUM_PRECEDING_DAY,NA,NA,NA,NA,NA,NA,NA,NA,NA,NA,NA,NA,NA,NA,NA,NA,NA,NA,NA,NA,NA,NA,NA,NA,NA,NA,NA,NA,NA,NA,NA,NA,NA,NA,NA,NA,NA,NA,NA,NA,NA,NA,NA,NA,NA,NA,NA,NA,NA,NA,NA,NA,NA,NA,NA,NA,NA,NA,NA,NA,NA,NA,NA,NA,NA,NA,NA,NA,NA,NA,NA,NA,NA,NA,NA,NA,NA,NA,NA,NA,NA,NA,NA,NA,NA,NA,NA,NA,NA,NA,NA,NA,NA,NA,NA,NA,NA,NA,NA,NA,NA,NA,NA,NA,NA,NA,NA,NA,NA,NA,NA,NA,NA,NA,NA,NA,NA,NA,NA,NA,NA,NA,NA,NA,NA,NA,NA,NA,NA,NA,NA,NA,NA,NA,NA,NA,NA,NA,NA,NA,NA,NA,NA,NA,NA,NA,NA,NA,NA,NA,NA,NA,NA,NA,NA,NA,NA,NA,NA,NA,NA,NA,NA,NA,NA,NA,NA,NA,NA,NA,NA,NA,NA,NA,NA,NA,NA,NA,NA,NA,NA,NA,NA,NA,NA,NA,NA,NA,NA,NA,0,#N/A
NUTRITION_CALORIE_PRECEDING_DAY,NA,NA,NA,NA,NA,NA,NA,NA,NA,NA,NA,NA,NA,NA,NA,NA,NA,NA,NA,NA,NA,NA,NA,NA,NA,NA,NA,NA,NA,NA,NA,NA,NA,NA,NA,NA,NA,NA,NA,NA,NA,NA,NA,NA,NA,NA,NA,NA,NA,NA,NA,NA,NA,NA,NA,NA,NA,NA,NA,NA,NA,NA,NA,NA,NA,NA,NA,NA,NA,NA,NA,NA,NA,NA,NA,NA,NA,NA,NA,NA,NA,NA,NA,NA,NA,NA,NA,NA,NA,NA,NA,NA,NA,NA,NA,NA,NA,NA,NA,NA,NA,NA,NA,NA,NA,NA,NA,NA,NA,NA,NA,NA,NA,NA,NA,NA,NA,NA,NA,NA,NA,NA,NA,NA,NA,NA,NA,NA,NA,NA,NA,NA,NA,NA,NA,NA,NA,NA,NA,NA,NA,NA,NA,NA,NA,NA,NA,NA,NA,NA,NA,NA,NA,NA,NA,NA,NA,NA,NA,NA,NA,NA,NA,NA,NA,NA,NA,NA,NA,NA,NA,NA,NA,NA,NA,NA,NA,NA,NA,NA,NA,NA,NA,NA,NA,NA,NA,NA,NA,NA,0,#N/A
NUTRITION_CARB_PRECEDING_DAY,NA,NA,NA,NA,NA,NA,NA,NA,NA,NA,NA,NA,NA,NA,NA,NA,NA,NA,NA,NA,NA,NA,NA,NA,NA,NA,NA,NA,NA,NA,NA,NA,NA,NA,NA,NA,NA,NA,NA,NA,NA,NA,NA,NA,NA,NA,NA,NA,NA,NA,NA,NA,NA,NA,NA,NA,NA,NA,NA,NA,NA,NA,NA,NA,NA,NA,NA,NA,NA,NA,NA,NA,NA,NA,NA,NA,NA,NA,NA,NA,NA,NA,NA,NA,NA,NA,NA,NA,NA,NA,NA,NA,NA,NA,NA,NA,NA,NA,NA,NA,NA,NA,NA,NA,NA,NA,NA,NA,NA,NA,NA,NA,NA,NA,NA,NA,NA,NA,NA,NA,NA,NA,NA,NA,NA,NA,NA,NA,NA,NA,NA,NA,NA,NA,NA,NA,NA,NA,NA,NA,NA,NA,NA,NA,NA,NA,NA,NA,NA,NA,NA,NA,NA,NA,NA,NA,NA,NA,NA,NA,NA,NA,NA,NA,NA,NA,NA,NA,NA,NA,NA,NA,NA,NA,NA,NA,NA,NA,NA,NA,NA,NA,NA,NA,NA,NA,NA,NA,NA,NA,0,#N/A
NUTRITION_CHOLESTEROL_PRECEDING_DAY,NA,NA,NA,NA,NA,NA,NA,NA,NA,NA,NA,NA,NA,NA,NA,NA,NA,NA,NA,NA,NA,NA,NA,NA,NA,NA,NA,NA,NA,NA,NA,NA,NA,NA,NA,NA,NA,NA,NA,NA,NA,NA,NA,NA,NA,NA,NA,NA,NA,NA,NA,NA,NA,NA,NA,NA,NA,NA,NA,NA,NA,NA,NA,NA,NA,NA,NA,NA,NA,NA,NA,NA,NA,NA,NA,NA,NA,NA,NA,NA,NA,NA,NA,NA,NA,NA,NA,NA,NA,NA,NA,NA,NA,NA,NA,NA,NA,NA,NA,NA,NA,NA,NA,NA,NA,NA,NA,NA,NA,NA,NA,NA,NA,NA,NA,NA,NA,NA,NA,NA,NA,NA,NA,NA,NA,NA,NA,NA,NA,NA,NA,NA,NA,NA,NA,NA,NA,NA,NA,NA,NA,NA,NA,NA,NA,NA,NA,NA,NA,NA,NA,NA,NA,NA,NA,NA,NA,NA,NA,NA,NA,NA,NA,NA,NA,NA,NA,NA,NA,NA,NA,NA,NA,NA,NA,NA,NA,NA,NA,NA,NA,NA,NA,NA,NA,NA,NA,NA,NA,NA,0,#N/A
NUTRITION_FAT_PRECEDING_DAY,NA,NA,NA,NA,NA,NA,NA,NA,NA,NA,NA,NA,NA,NA,NA,NA,NA,NA,NA,NA,NA,NA,NA,NA,NA,NA,NA,NA,NA,NA,NA,NA,NA,NA,NA,NA,NA,NA,NA,NA,NA,NA,NA,NA,NA,NA,NA,NA,NA,NA,NA,NA,NA,NA,NA,NA,NA,NA,NA,NA,NA,NA,NA,NA,NA,NA,NA,NA,NA,NA,NA,NA,NA,NA,NA,NA,NA,NA,NA,NA,NA,NA,NA,NA,NA,NA,NA,NA,NA,NA,NA,NA,NA,NA,NA,NA,NA,NA,NA,NA,NA,NA,NA,NA,NA,NA,NA,NA,NA,NA,NA,NA,NA,NA,NA,NA,NA,NA,NA,NA,NA,NA,NA,NA,NA,NA,NA,NA,NA,NA,NA,NA,NA,NA,NA,NA,NA,NA,NA,NA,NA,NA,NA,NA,NA,NA,NA,NA,NA,NA,NA,NA,NA,NA,NA,NA,NA,NA,NA,NA,NA,NA,NA,NA,NA,NA,NA,NA,NA,NA,NA,NA,NA,NA,NA,NA,NA,NA,NA,NA,NA,NA,NA,NA,NA,NA,NA,NA,NA,NA,0,#N/A
NUTRITION_FIBER_PRECEDING_DAY,NA,NA,NA,NA,NA,NA,NA,NA,NA,NA,NA,NA,NA,NA,NA,NA,NA,NA,NA,NA,NA,NA,NA,NA,NA,NA,NA,NA,NA,NA,NA,NA,NA,NA,NA,NA,NA,NA,NA,NA,NA,NA,NA,NA,NA,NA,NA,NA,NA,NA,NA,NA,NA,NA,NA,NA,NA,NA,NA,NA,NA,NA,NA,NA,NA,NA,NA,NA,NA,NA,NA,NA,NA,NA,NA,NA,NA,NA,NA,NA,NA,NA,NA,NA,NA,NA,NA,NA,NA,NA,NA,NA,NA,NA,NA,NA,NA,NA,NA,NA,NA,NA,NA,NA,NA,NA,NA,NA,NA,NA,NA,NA,NA,NA,NA,NA,NA,NA,NA,NA,NA,NA,NA,NA,NA,NA,NA,NA,NA,NA,NA,NA,NA,NA,NA,NA,NA,NA,NA,NA,NA,NA,NA,NA,NA,NA,NA,NA,NA,NA,NA,NA,NA,NA,NA,NA,NA,NA,NA,NA,NA,NA,NA,NA,NA,NA,NA,NA,NA,NA,NA,NA,NA,NA,NA,NA,NA,NA,NA,NA,NA,NA,NA,NA,NA,NA,NA,NA,NA,NA,0,#N/A
NUTRITION_PROTEIN_PRECEDING_DAY,NA,NA,NA,NA,NA,NA,NA,NA,NA,NA,NA,NA,NA,NA,NA,NA,NA,NA,NA,NA,NA,NA,NA,NA,NA,NA,NA,NA,NA,NA,NA,NA,NA,NA,NA,NA,NA,NA,NA,NA,NA,NA,NA,NA,NA,NA,NA,NA,NA,NA,NA,NA,NA,NA,NA,NA,NA,NA,NA,NA,NA,NA,NA,NA,NA,NA,NA,NA,NA,NA,NA,NA,NA,NA,NA,NA,NA,NA,NA,NA,NA,NA,NA,NA,NA,NA,NA,NA,NA,NA,NA,NA,NA,NA,NA,NA,NA,NA,NA,NA,NA,NA,NA,NA,NA,NA,NA,NA,NA,NA,NA,NA,NA,NA,NA,NA,NA,NA,NA,NA,NA,NA,NA,NA,NA,NA,NA,NA,NA,NA,NA,NA,NA,NA,NA,NA,NA,NA,NA,NA,NA,NA,NA,NA,NA,NA,NA,NA,NA,NA,NA,NA,NA,NA,NA,NA,NA,NA,NA,NA,NA,NA,NA,NA,NA,NA,NA,NA,NA,NA,NA,NA,NA,NA,NA,NA,NA,NA,NA,NA,NA,NA,NA,NA,NA,NA,NA,NA,NA,NA,0,#N/A
NUTRITION_SATFAT_PRECEDING_DAY,NA,NA,NA,NA,NA,NA,NA,NA,NA,NA,NA,NA,NA,NA,NA,NA,NA,NA,NA,NA,NA,NA,NA,NA,NA,NA,NA,NA,NA,NA,NA,NA,NA,NA,NA,NA,NA,NA,NA,NA,NA,NA,NA,NA,NA,NA,NA,NA,NA,NA,NA,NA,NA,NA,NA,NA,NA,NA,NA,NA,NA,NA,NA,NA,NA,NA,NA,NA,NA,NA,NA,NA,NA,NA,NA,NA,NA,NA,NA,NA,NA,NA,NA,NA,NA,NA,NA,NA,NA,NA,NA,NA,NA,NA,NA,NA,NA,NA,NA,NA,NA,NA,NA,NA,NA,NA,NA,NA,NA,NA,NA,NA,NA,NA,NA,NA,NA,NA,NA,NA,NA,NA,NA,NA,NA,NA,NA,NA,NA,NA,NA,NA,NA,NA,NA,NA,NA,NA,NA,NA,NA,NA,NA,NA,NA,NA,NA,NA,NA,NA,NA,NA,NA,NA,NA,NA,NA,NA,NA,NA,NA,NA,NA,NA,NA,NA,NA,NA,NA,NA,NA,NA,NA,NA,NA,NA,NA,NA,NA,NA,NA,NA,NA,NA,NA,NA,NA,NA,NA,NA,0,#N/A
NUTRITION_SODIUM_PRECEDING_DAY,NA,NA,NA,NA,NA,NA,NA,NA,NA,NA,NA,NA,NA,NA,NA,NA,NA,NA,NA,NA,NA,NA,NA,NA,NA,NA,NA,NA,NA,NA,NA,NA,NA,NA,NA,NA,NA,NA,NA,NA,NA,NA,NA,NA,NA,NA,NA,NA,NA,NA,NA,NA,NA,NA,NA,NA,NA,NA,NA,NA,NA,NA,NA,NA,NA,NA,NA,NA,NA,NA,NA,NA,NA,NA,NA,NA,NA,NA,NA,NA,NA,NA,NA,NA,NA,NA,NA,NA,NA,NA,NA,NA,NA,NA,NA,NA,NA,NA,NA,NA,NA,NA,NA,NA,NA,NA,NA,NA,NA,NA,NA,NA,NA,NA,NA,NA,NA,NA,NA,NA,NA,NA,NA,NA,NA,NA,NA,NA,NA,NA,NA,NA,NA,NA,NA,NA,NA,NA,NA,NA,NA,NA,NA,NA,NA,NA,NA,NA,NA,NA,NA,NA,NA,NA,NA,NA,NA,NA,NA,NA,NA,NA,NA,NA,NA,NA,NA,NA,NA,NA,NA,NA,NA,NA,NA,NA,NA,NA,NA,NA,NA,NA,NA,NA,NA,NA,NA,NA,NA,NA,0,#N/A
NUTRITION_SUGAR_PRECEDING_DAY,NA,NA,NA,NA,NA,NA,NA,NA,NA,NA,NA,NA,NA,NA,NA,NA,NA,NA,NA,NA,NA,NA,NA,NA,NA,NA,NA,NA,NA,NA,NA,NA,NA,NA,NA,NA,NA,NA,NA,NA,NA,NA,NA,NA,NA,NA,NA,NA,NA,NA,NA,NA,NA,NA,NA,NA,NA,NA,NA,NA,NA,NA,NA,NA,NA,NA,NA,NA,NA,NA,NA,NA,NA,NA,NA,NA,NA,NA,NA,NA,NA,NA,NA,NA,NA,NA,NA,NA,NA,NA,NA,NA,NA,NA,NA,NA,NA,NA,NA,NA,NA,NA,NA,NA,NA,NA,NA,NA,NA,NA,NA,NA,NA,NA,NA,NA,NA,NA,NA,NA,NA,NA,NA,NA,NA,NA,NA,NA,NA,NA,NA,NA,NA,NA,NA,NA,NA,NA,NA,NA,NA,NA,NA,NA,NA,NA,NA,NA,NA,NA,NA,NA,NA,NA,NA,NA,NA,NA,NA,NA,NA,NA,NA,NA,NA,NA,NA,NA,NA,NA,NA,NA,NA,NA,NA,NA,NA,NA,NA,NA,NA,NA,NA,NA,NA,NA,NA,NA,NA,NA,0,#N/A
AGE,36,36,36,36,36,36,36,36,36,36,36,36,36,36,36,36,36,36,36,36,36,36,36,36,36,36,36,36,36,36,36,36,36,36,36,36,36,36,36,36,36,36,36,36,36,36,36,36,36,36,36,36,36,36,36,36,36,36,36,36,36,36,36,36,36,36,36,36,36,36,36,36,36,36,36,36,36,36,36,36,36,36,36,36,36,36,36,36,36,36,36,36,36,36,36,36,36,36,36,36,36,36,36,36,36,36,36,36,36,36,36,36,36,36,36,36,36,36,36,36,36,36,36,36,36,36,36,36,36,36,36,36,36,36,36,36,36,36,36,36,36,36,36,36,36,36,36,36,36,36,36,36,36,36,36,36,36,36,36,36,36,36,36,36,36,36,36,36,36,36,36,36,36,36,36,36,36,36,36,36,36,36,36,36,36,36,36,36,36,36,0,#N/A
